INSERT INTO RILEVAZIONI (ID, Timestamp, Valore, SensoreID) VALUES (1, '2105-08-22 10:01:24', 20.59, 21);
INSERT INTO RILEVAZIONI (ID, Timestamp, Valore, SensoreID) VALUES (2, '2104-08-05 07:12:35', 32.34, 18);
INSERT INTO RILEVAZIONI (ID, Timestamp, Valore, SensoreID) VALUES (3, '2100-10-06 02:36:32', 45.79, 18);
INSERT INTO RILEVAZIONI (ID, Timestamp, Valore, SensoreID) VALUES (4, '2101-04-25 01:18:04', 60.93, 11);
INSERT INTO RILEVAZIONI (ID, Timestamp, Valore, SensoreID) VALUES (5, '2101-02-24 20:45:50', 13.63, 8);
INSERT INTO RILEVAZIONI (ID, Timestamp, Valore, SensoreID) VALUES (6, '2100-03-24 19:30:15', 49.02, 19);
INSERT INTO RILEVAZIONI (ID, Timestamp, Valore, SensoreID) VALUES (7, '2101-10-30 13:56:06', 45.12, 1);
INSERT INTO RILEVAZIONI (ID, Timestamp, Valore, SensoreID) VALUES (8, '2102-05-24 20:47:34', 20.13, 27);
INSERT INTO RILEVAZIONI (ID, Timestamp, Valore, SensoreID) VALUES (9, '2102-10-01 18:59:14', 35.94, 14);
INSERT INTO RILEVAZIONI (ID, Timestamp, Valore, SensoreID) VALUES (10, '2101-06-26 23:15:14', 82.8, 18);
INSERT INTO RILEVAZIONI (ID, Timestamp, Valore, SensoreID) VALUES (11, '2102-12-11 09:09:24', 19.86, 10);
INSERT INTO RILEVAZIONI (ID, Timestamp, Valore, SensoreID) VALUES (12, '2104-05-22 18:19:13', 60.34, 17);
INSERT INTO RILEVAZIONI (ID, Timestamp, Valore, SensoreID) VALUES (13, '2100-06-27 00:05:14', 62.3, 15);
INSERT INTO RILEVAZIONI (ID, Timestamp, Valore, SensoreID) VALUES (14, '2102-09-18 13:59:23', 73.9, 22);
INSERT INTO RILEVAZIONI (ID, Timestamp, Valore, SensoreID) VALUES (15, '2101-09-17 08:05:12', 48.47, 29);
INSERT INTO RILEVAZIONI (ID, Timestamp, Valore, SensoreID) VALUES (16, '2105-09-30 14:32:58', 81.54, 15);
INSERT INTO RILEVAZIONI (ID, Timestamp, Valore, SensoreID) VALUES (17, '2104-01-15 18:34:44', 7.4, 7);
INSERT INTO RILEVAZIONI (ID, Timestamp, Valore, SensoreID) VALUES (18, '2103-04-30 17:48:05', 83.72, 8);
INSERT INTO RILEVAZIONI (ID, Timestamp, Valore, SensoreID) VALUES (19, '2101-10-12 10:19:33', 31.55, 14);
INSERT INTO RILEVAZIONI (ID, Timestamp, Valore, SensoreID) VALUES (20, '2100-08-30 18:24:54', 96.92, 18);
INSERT INTO RILEVAZIONI (ID, Timestamp, Valore, SensoreID) VALUES (21, '2103-11-08 11:06:39', 8.77, 1);
INSERT INTO RILEVAZIONI (ID, Timestamp, Valore, SensoreID) VALUES (22, '2102-07-17 11:03:34', 41.84, 12);
INSERT INTO RILEVAZIONI (ID, Timestamp, Valore, SensoreID) VALUES (23, '2100-08-19 05:55:51', 64.01, 20);
INSERT INTO RILEVAZIONI (ID, Timestamp, Valore, SensoreID) VALUES (24, '2105-04-29 19:43:31', 94.19, 30);
INSERT INTO RILEVAZIONI (ID, Timestamp, Valore, SensoreID) VALUES (25, '2104-09-15 23:09:21', 35.44, 1);
INSERT INTO RILEVAZIONI (ID, Timestamp, Valore, SensoreID) VALUES (26, '2105-09-11 11:30:11', 31.19, 29);
INSERT INTO RILEVAZIONI (ID, Timestamp, Valore, SensoreID) VALUES (27, '2101-07-08 00:55:18', 10.27, 30);
INSERT INTO RILEVAZIONI (ID, Timestamp, Valore, SensoreID) VALUES (28, '2103-11-12 11:16:39', 70.25, 2);
INSERT INTO RILEVAZIONI (ID, Timestamp, Valore, SensoreID) VALUES (29, '2103-03-06 16:27:19', 48.78, 2);
INSERT INTO RILEVAZIONI (ID, Timestamp, Valore, SensoreID) VALUES (30, '2103-02-07 17:51:28', 46.49, 1);
INSERT INTO RILEVAZIONI (ID, Timestamp, Valore, SensoreID) VALUES (31, '2102-11-19 01:27:18', 11.76, 18);
INSERT INTO RILEVAZIONI (ID, Timestamp, Valore, SensoreID) VALUES (32, '2101-01-22 10:40:47', 7.02, 27);
INSERT INTO RILEVAZIONI (ID, Timestamp, Valore, SensoreID) VALUES (33, '2102-12-03 11:47:10', 62.47, 7);
INSERT INTO RILEVAZIONI (ID, Timestamp, Valore, SensoreID) VALUES (34, '2100-07-28 22:46:55', 74.45, 21);
INSERT INTO RILEVAZIONI (ID, Timestamp, Valore, SensoreID) VALUES (35, '2105-07-04 10:57:46', 23.47, 15);
INSERT INTO RILEVAZIONI (ID, Timestamp, Valore, SensoreID) VALUES (36, '2101-01-06 18:47:13', 38.31, 19);
INSERT INTO RILEVAZIONI (ID, Timestamp, Valore, SensoreID) VALUES (37, '2101-01-02 09:42:35', 74.89, 24);
INSERT INTO RILEVAZIONI (ID, Timestamp, Valore, SensoreID) VALUES (38, '2101-12-12 06:55:05', 59.82, 26);
INSERT INTO RILEVAZIONI (ID, Timestamp, Valore, SensoreID) VALUES (39, '2101-07-10 07:03:15', 47.96, 2);
INSERT INTO RILEVAZIONI (ID, Timestamp, Valore, SensoreID) VALUES (40, '2104-05-15 19:05:11', 63.94, 12);
INSERT INTO RILEVAZIONI (ID, Timestamp, Valore, SensoreID) VALUES (41, '2105-01-15 05:24:04', 32.17, 8);
INSERT INTO RILEVAZIONI (ID, Timestamp, Valore, SensoreID) VALUES (42, '2102-06-04 22:21:16', 55.42, 12);
INSERT INTO RILEVAZIONI (ID, Timestamp, Valore, SensoreID) VALUES (43, '2105-01-22 00:48:17', 70.83, 17);
INSERT INTO RILEVAZIONI (ID, Timestamp, Valore, SensoreID) VALUES (44, '2102-08-09 19:28:04', 24.38, 5);
INSERT INTO RILEVAZIONI (ID, Timestamp, Valore, SensoreID) VALUES (45, '2103-01-29 21:32:21', 27.03, 28);
INSERT INTO RILEVAZIONI (ID, Timestamp, Valore, SensoreID) VALUES (46, '2102-11-30 05:02:21', 70.73, 5);
INSERT INTO RILEVAZIONI (ID, Timestamp, Valore, SensoreID) VALUES (47, '2101-09-29 04:01:33', 35.23, 15);
INSERT INTO RILEVAZIONI (ID, Timestamp, Valore, SensoreID) VALUES (48, '2105-12-20 01:01:40', 58.93, 9);
INSERT INTO RILEVAZIONI (ID, Timestamp, Valore, SensoreID) VALUES (49, '2102-02-09 11:08:31', 55.95, 29);
INSERT INTO RILEVAZIONI (ID, Timestamp, Valore, SensoreID) VALUES (50, '2100-12-10 02:27:11', 55.85, 3);
INSERT INTO RILEVAZIONI (ID, Timestamp, Valore, SensoreID) VALUES (51, '2102-07-04 11:00:05', 17.14, 5);
INSERT INTO RILEVAZIONI (ID, Timestamp, Valore, SensoreID) VALUES (52, '2102-12-24 11:29:19', 43.78, 20);
INSERT INTO RILEVAZIONI (ID, Timestamp, Valore, SensoreID) VALUES (53, '2103-09-13 00:04:52', 4.28, 21);
INSERT INTO RILEVAZIONI (ID, Timestamp, Valore, SensoreID) VALUES (54, '2103-05-30 02:58:24', 16.92, 24);
INSERT INTO RILEVAZIONI (ID, Timestamp, Valore, SensoreID) VALUES (55, '2100-09-26 13:43:52', 5.02, 24);
INSERT INTO RILEVAZIONI (ID, Timestamp, Valore, SensoreID) VALUES (56, '2104-08-21 15:42:55', 92.04, 23);
INSERT INTO RILEVAZIONI (ID, Timestamp, Valore, SensoreID) VALUES (57, '2101-04-05 22:39:25', 65.31, 23);
INSERT INTO RILEVAZIONI (ID, Timestamp, Valore, SensoreID) VALUES (58, '2103-03-25 02:12:38', 82.18, 14);
INSERT INTO RILEVAZIONI (ID, Timestamp, Valore, SensoreID) VALUES (59, '2101-12-29 00:07:11', 76.35, 8);
INSERT INTO RILEVAZIONI (ID, Timestamp, Valore, SensoreID) VALUES (60, '2100-05-28 20:42:54', 71.12, 12);
INSERT INTO RILEVAZIONI (ID, Timestamp, Valore, SensoreID) VALUES (61, '2104-06-26 20:50:17', 91.02, 28);
INSERT INTO RILEVAZIONI (ID, Timestamp, Valore, SensoreID) VALUES (62, '2105-02-28 11:47:53', 49.18, 3);
INSERT INTO RILEVAZIONI (ID, Timestamp, Valore, SensoreID) VALUES (63, '2104-02-28 05:27:39', 54.39, 16);
INSERT INTO RILEVAZIONI (ID, Timestamp, Valore, SensoreID) VALUES (64, '2102-08-17 15:02:51', 90.89, 6);
INSERT INTO RILEVAZIONI (ID, Timestamp, Valore, SensoreID) VALUES (65, '2105-05-26 12:02:51', 56.32, 1);
INSERT INTO RILEVAZIONI (ID, Timestamp, Valore, SensoreID) VALUES (66, '2103-01-19 21:53:11', 11.83, 16);
INSERT INTO RILEVAZIONI (ID, Timestamp, Valore, SensoreID) VALUES (67, '2100-08-06 17:44:27', 20.79, 25);
INSERT INTO RILEVAZIONI (ID, Timestamp, Valore, SensoreID) VALUES (68, '2101-08-09 06:16:35', 5.8, 22);
INSERT INTO RILEVAZIONI (ID, Timestamp, Valore, SensoreID) VALUES (69, '2103-09-15 15:01:34', 41.42, 21);
INSERT INTO RILEVAZIONI (ID, Timestamp, Valore, SensoreID) VALUES (70, '2105-12-12 16:26:34', 3.29, 29);
INSERT INTO RILEVAZIONI (ID, Timestamp, Valore, SensoreID) VALUES (71, '2104-09-02 22:38:12', 41.01, 20);
INSERT INTO RILEVAZIONI (ID, Timestamp, Valore, SensoreID) VALUES (72, '2102-03-17 07:39:49', 4.16, 5);
INSERT INTO RILEVAZIONI (ID, Timestamp, Valore, SensoreID) VALUES (73, '2102-11-20 18:28:21', 64.13, 6);
INSERT INTO RILEVAZIONI (ID, Timestamp, Valore, SensoreID) VALUES (74, '2102-09-25 22:51:32', 52.0, 26);
INSERT INTO RILEVAZIONI (ID, Timestamp, Valore, SensoreID) VALUES (75, '2105-11-20 10:03:40', 12.3, 25);
INSERT INTO RILEVAZIONI (ID, Timestamp, Valore, SensoreID) VALUES (76, '2105-11-27 16:15:44', 9.32, 9);
INSERT INTO RILEVAZIONI (ID, Timestamp, Valore, SensoreID) VALUES (77, '2103-01-17 10:04:28', 81.08, 2);
INSERT INTO RILEVAZIONI (ID, Timestamp, Valore, SensoreID) VALUES (78, '2100-08-01 10:01:25', 77.53, 6);
INSERT INTO RILEVAZIONI (ID, Timestamp, Valore, SensoreID) VALUES (79, '2101-01-12 18:29:10', 79.21, 14);
INSERT INTO RILEVAZIONI (ID, Timestamp, Valore, SensoreID) VALUES (80, '2104-12-07 00:00:55', 3.8, 12);
INSERT INTO RILEVAZIONI (ID, Timestamp, Valore, SensoreID) VALUES (81, '2103-04-21 10:59:30', 56.28, 5);
INSERT INTO RILEVAZIONI (ID, Timestamp, Valore, SensoreID) VALUES (82, '2102-03-02 16:06:38', 65.41, 16);
INSERT INTO RILEVAZIONI (ID, Timestamp, Valore, SensoreID) VALUES (83, '2102-06-19 14:25:30', 1.42, 12);
INSERT INTO RILEVAZIONI (ID, Timestamp, Valore, SensoreID) VALUES (84, '2101-02-21 19:24:45', 78.41, 18);
INSERT INTO RILEVAZIONI (ID, Timestamp, Valore, SensoreID) VALUES (85, '2104-02-20 14:25:59', 35.18, 17);
INSERT INTO RILEVAZIONI (ID, Timestamp, Valore, SensoreID) VALUES (86, '2105-02-12 01:50:25', 44.45, 26);
INSERT INTO RILEVAZIONI (ID, Timestamp, Valore, SensoreID) VALUES (87, '2103-07-05 10:17:07', 79.76, 18);
INSERT INTO RILEVAZIONI (ID, Timestamp, Valore, SensoreID) VALUES (88, '2104-04-11 04:41:02', 98.2, 28);
INSERT INTO RILEVAZIONI (ID, Timestamp, Valore, SensoreID) VALUES (89, '2100-01-05 16:56:25', 53.98, 25);
INSERT INTO RILEVAZIONI (ID, Timestamp, Valore, SensoreID) VALUES (90, '2104-06-19 03:58:47', 11.91, 26);
INSERT INTO RILEVAZIONI (ID, Timestamp, Valore, SensoreID) VALUES (91, '2100-04-18 11:57:11', 37.61, 20);
INSERT INTO RILEVAZIONI (ID, Timestamp, Valore, SensoreID) VALUES (92, '2105-02-21 01:46:49', 79.85, 20);
INSERT INTO RILEVAZIONI (ID, Timestamp, Valore, SensoreID) VALUES (93, '2104-08-19 12:28:12', 1.73, 8);
INSERT INTO RILEVAZIONI (ID, Timestamp, Valore, SensoreID) VALUES (94, '2103-02-03 13:26:32', 23.68, 26);
INSERT INTO RILEVAZIONI (ID, Timestamp, Valore, SensoreID) VALUES (95, '2105-05-28 06:14:22', 23.4, 9);
INSERT INTO RILEVAZIONI (ID, Timestamp, Valore, SensoreID) VALUES (96, '2105-09-30 19:58:29', 93.02, 14);
INSERT INTO RILEVAZIONI (ID, Timestamp, Valore, SensoreID) VALUES (97, '2101-01-13 22:36:22', 19.7, 5);
INSERT INTO RILEVAZIONI (ID, Timestamp, Valore, SensoreID) VALUES (98, '2102-08-24 20:44:22', 75.27, 19);
INSERT INTO RILEVAZIONI (ID, Timestamp, Valore, SensoreID) VALUES (99, '2104-07-06 14:09:13', 47.1, 22);
INSERT INTO RILEVAZIONI (ID, Timestamp, Valore, SensoreID) VALUES (100, '2101-10-11 17:14:28', 14.55, 9);
INSERT INTO RILEVAZIONI (ID, Timestamp, Valore, SensoreID) VALUES (101, '2103-01-09 07:52:46', 15.35, 25);
INSERT INTO RILEVAZIONI (ID, Timestamp, Valore, SensoreID) VALUES (102, '2104-01-02 06:15:54', 75.35, 25);
INSERT INTO RILEVAZIONI (ID, Timestamp, Valore, SensoreID) VALUES (103, '2103-03-12 21:17:32', 14.58, 17);
INSERT INTO RILEVAZIONI (ID, Timestamp, Valore, SensoreID) VALUES (104, '2101-09-12 12:09:27', 1.08, 27);
INSERT INTO RILEVAZIONI (ID, Timestamp, Valore, SensoreID) VALUES (105, '2103-11-30 00:10:47', 64.09, 11);
INSERT INTO RILEVAZIONI (ID, Timestamp, Valore, SensoreID) VALUES (106, '2104-08-20 19:35:09', 47.15, 6);
INSERT INTO RILEVAZIONI (ID, Timestamp, Valore, SensoreID) VALUES (107, '2102-04-22 10:07:25', 71.62, 14);
INSERT INTO RILEVAZIONI (ID, Timestamp, Valore, SensoreID) VALUES (108, '2100-08-15 01:53:36', 45.25, 2);
INSERT INTO RILEVAZIONI (ID, Timestamp, Valore, SensoreID) VALUES (109, '2100-09-08 23:15:13', 23.69, 11);
INSERT INTO RILEVAZIONI (ID, Timestamp, Valore, SensoreID) VALUES (110, '2103-03-01 17:50:05', 69.67, 21);
INSERT INTO RILEVAZIONI (ID, Timestamp, Valore, SensoreID) VALUES (111, '2105-10-23 02:11:34', 16.88, 15);
INSERT INTO RILEVAZIONI (ID, Timestamp, Valore, SensoreID) VALUES (112, '2101-10-26 11:53:08', 90.33, 23);
INSERT INTO RILEVAZIONI (ID, Timestamp, Valore, SensoreID) VALUES (113, '2100-10-29 03:21:50', 35.63, 21);
INSERT INTO RILEVAZIONI (ID, Timestamp, Valore, SensoreID) VALUES (114, '2105-08-07 11:53:53', 34.13, 29);
INSERT INTO RILEVAZIONI (ID, Timestamp, Valore, SensoreID) VALUES (115, '2103-09-19 13:43:47', 69.79, 28);
INSERT INTO RILEVAZIONI (ID, Timestamp, Valore, SensoreID) VALUES (116, '2102-12-17 07:26:17', 86.75, 23);
INSERT INTO RILEVAZIONI (ID, Timestamp, Valore, SensoreID) VALUES (117, '2104-01-27 18:45:47', 92.16, 17);
INSERT INTO RILEVAZIONI (ID, Timestamp, Valore, SensoreID) VALUES (118, '2102-03-06 06:49:26', 90.24, 14);
INSERT INTO RILEVAZIONI (ID, Timestamp, Valore, SensoreID) VALUES (119, '2102-08-19 22:35:38', 12.49, 8);
INSERT INTO RILEVAZIONI (ID, Timestamp, Valore, SensoreID) VALUES (120, '2103-04-21 11:37:22', 88.88, 18);
INSERT INTO RILEVAZIONI (ID, Timestamp, Valore, SensoreID) VALUES (121, '2103-06-14 14:39:59', 25.56, 22);
INSERT INTO RILEVAZIONI (ID, Timestamp, Valore, SensoreID) VALUES (122, '2100-12-16 23:38:59', 37.4, 14);
INSERT INTO RILEVAZIONI (ID, Timestamp, Valore, SensoreID) VALUES (123, '2101-09-22 21:10:38', 85.7, 2);
INSERT INTO RILEVAZIONI (ID, Timestamp, Valore, SensoreID) VALUES (124, '2101-05-09 10:07:29', 22.64, 20);
INSERT INTO RILEVAZIONI (ID, Timestamp, Valore, SensoreID) VALUES (125, '2104-09-06 07:27:15', 36.85, 20);
INSERT INTO RILEVAZIONI (ID, Timestamp, Valore, SensoreID) VALUES (126, '2102-12-09 13:07:10', 68.42, 17);
INSERT INTO RILEVAZIONI (ID, Timestamp, Valore, SensoreID) VALUES (127, '2103-11-10 15:03:07', 5.24, 9);
INSERT INTO RILEVAZIONI (ID, Timestamp, Valore, SensoreID) VALUES (128, '2101-08-24 10:51:02', 75.96, 7);
INSERT INTO RILEVAZIONI (ID, Timestamp, Valore, SensoreID) VALUES (129, '2100-03-23 11:27:14', 83.13, 5);
INSERT INTO RILEVAZIONI (ID, Timestamp, Valore, SensoreID) VALUES (130, '2103-11-17 05:15:25', 6.83, 18);
INSERT INTO RILEVAZIONI (ID, Timestamp, Valore, SensoreID) VALUES (131, '2105-04-27 16:32:34', 62.87, 25);
INSERT INTO RILEVAZIONI (ID, Timestamp, Valore, SensoreID) VALUES (132, '2105-09-05 06:37:05', 22.51, 18);
INSERT INTO RILEVAZIONI (ID, Timestamp, Valore, SensoreID) VALUES (133, '2105-04-22 05:23:28', 70.2, 28);
INSERT INTO RILEVAZIONI (ID, Timestamp, Valore, SensoreID) VALUES (134, '2100-12-17 22:54:35', 55.52, 19);
INSERT INTO RILEVAZIONI (ID, Timestamp, Valore, SensoreID) VALUES (135, '2104-02-09 05:43:07', 96.87, 29);
INSERT INTO RILEVAZIONI (ID, Timestamp, Valore, SensoreID) VALUES (136, '2100-01-18 22:14:57', 89.64, 16);
INSERT INTO RILEVAZIONI (ID, Timestamp, Valore, SensoreID) VALUES (137, '2101-11-30 12:59:15', 91.41, 22);
INSERT INTO RILEVAZIONI (ID, Timestamp, Valore, SensoreID) VALUES (138, '2101-09-08 11:35:49', 98.85, 9);
INSERT INTO RILEVAZIONI (ID, Timestamp, Valore, SensoreID) VALUES (139, '2101-06-19 19:24:52', 41.99, 6);
INSERT INTO RILEVAZIONI (ID, Timestamp, Valore, SensoreID) VALUES (140, '2105-11-30 21:58:39', 84.3, 14);
INSERT INTO RILEVAZIONI (ID, Timestamp, Valore, SensoreID) VALUES (141, '2104-02-11 05:13:55', 74.46, 3);
INSERT INTO RILEVAZIONI (ID, Timestamp, Valore, SensoreID) VALUES (142, '2105-08-03 06:42:00', 2.99, 17);
INSERT INTO RILEVAZIONI (ID, Timestamp, Valore, SensoreID) VALUES (143, '2104-03-21 03:26:33', 91.23, 2);
INSERT INTO RILEVAZIONI (ID, Timestamp, Valore, SensoreID) VALUES (144, '2101-05-15 06:28:07', 71.31, 13);
INSERT INTO RILEVAZIONI (ID, Timestamp, Valore, SensoreID) VALUES (145, '2104-05-09 05:28:43', 41.21, 10);
INSERT INTO RILEVAZIONI (ID, Timestamp, Valore, SensoreID) VALUES (146, '2105-11-16 16:27:27', 77.9, 26);
INSERT INTO RILEVAZIONI (ID, Timestamp, Valore, SensoreID) VALUES (147, '2102-02-24 14:23:38', 6.8, 12);
INSERT INTO RILEVAZIONI (ID, Timestamp, Valore, SensoreID) VALUES (148, '2103-07-19 17:16:25', 57.14, 8);
INSERT INTO RILEVAZIONI (ID, Timestamp, Valore, SensoreID) VALUES (149, '2101-10-23 11:05:59', 83.72, 9);
INSERT INTO RILEVAZIONI (ID, Timestamp, Valore, SensoreID) VALUES (150, '2102-05-23 19:02:49', 86.3, 18);
INSERT INTO RILEVAZIONI (ID, Timestamp, Valore, SensoreID) VALUES (151, '2104-09-03 08:19:33', 78.64, 25);
INSERT INTO RILEVAZIONI (ID, Timestamp, Valore, SensoreID) VALUES (152, '2105-04-08 17:04:05', 59.81, 22);
INSERT INTO RILEVAZIONI (ID, Timestamp, Valore, SensoreID) VALUES (153, '2104-02-12 10:24:17', 10.39, 24);
INSERT INTO RILEVAZIONI (ID, Timestamp, Valore, SensoreID) VALUES (154, '2100-11-23 05:36:28', 92.58, 28);
INSERT INTO RILEVAZIONI (ID, Timestamp, Valore, SensoreID) VALUES (155, '2100-09-30 06:26:40', 57.83, 25);
INSERT INTO RILEVAZIONI (ID, Timestamp, Valore, SensoreID) VALUES (156, '2105-11-09 03:37:40', 56.17, 1);
INSERT INTO RILEVAZIONI (ID, Timestamp, Valore, SensoreID) VALUES (157, '2100-10-16 05:32:27', 31.21, 8);
INSERT INTO RILEVAZIONI (ID, Timestamp, Valore, SensoreID) VALUES (158, '2101-03-27 11:01:19', 71.93, 18);
INSERT INTO RILEVAZIONI (ID, Timestamp, Valore, SensoreID) VALUES (159, '2100-10-19 05:26:28', 94.5, 12);
INSERT INTO RILEVAZIONI (ID, Timestamp, Valore, SensoreID) VALUES (160, '2105-10-30 03:12:58', 74.72, 21);
INSERT INTO RILEVAZIONI (ID, Timestamp, Valore, SensoreID) VALUES (161, '2101-01-18 22:24:04', 84.71, 16);
INSERT INTO RILEVAZIONI (ID, Timestamp, Valore, SensoreID) VALUES (162, '2104-08-01 14:16:57', 83.76, 25);
INSERT INTO RILEVAZIONI (ID, Timestamp, Valore, SensoreID) VALUES (163, '2102-07-24 01:47:30', 11.77, 18);
INSERT INTO RILEVAZIONI (ID, Timestamp, Valore, SensoreID) VALUES (164, '2103-01-13 13:12:36', 11.86, 11);
INSERT INTO RILEVAZIONI (ID, Timestamp, Valore, SensoreID) VALUES (165, '2102-04-29 20:02:44', 37.4, 5);
INSERT INTO RILEVAZIONI (ID, Timestamp, Valore, SensoreID) VALUES (166, '2101-01-04 03:50:53', 34.26, 24);
INSERT INTO RILEVAZIONI (ID, Timestamp, Valore, SensoreID) VALUES (167, '2104-02-23 09:17:32', 66.83, 2);
INSERT INTO RILEVAZIONI (ID, Timestamp, Valore, SensoreID) VALUES (168, '2104-12-04 05:28:16', 28.36, 1);
INSERT INTO RILEVAZIONI (ID, Timestamp, Valore, SensoreID) VALUES (169, '2105-04-02 23:18:26', 1.53, 12);
INSERT INTO RILEVAZIONI (ID, Timestamp, Valore, SensoreID) VALUES (170, '2101-02-19 00:52:30', 86.59, 3);
INSERT INTO RILEVAZIONI (ID, Timestamp, Valore, SensoreID) VALUES (171, '2105-11-30 02:04:25', 33.26, 1);
INSERT INTO RILEVAZIONI (ID, Timestamp, Valore, SensoreID) VALUES (172, '2100-07-25 07:56:33', 65.21, 13);
INSERT INTO RILEVAZIONI (ID, Timestamp, Valore, SensoreID) VALUES (173, '2101-08-12 23:37:59', 38.5, 8);
INSERT INTO RILEVAZIONI (ID, Timestamp, Valore, SensoreID) VALUES (174, '2103-08-31 12:20:46', 33.58, 15);
INSERT INTO RILEVAZIONI (ID, Timestamp, Valore, SensoreID) VALUES (175, '2103-11-15 10:48:17', 82.03, 15);
INSERT INTO RILEVAZIONI (ID, Timestamp, Valore, SensoreID) VALUES (176, '2100-02-17 21:59:35', 64.25, 2);
INSERT INTO RILEVAZIONI (ID, Timestamp, Valore, SensoreID) VALUES (177, '2101-08-11 17:10:24', 4.97, 9);
INSERT INTO RILEVAZIONI (ID, Timestamp, Valore, SensoreID) VALUES (178, '2105-02-13 00:36:54', 34.7, 6);
INSERT INTO RILEVAZIONI (ID, Timestamp, Valore, SensoreID) VALUES (179, '2100-09-07 17:07:15', 71.99, 5);
INSERT INTO RILEVAZIONI (ID, Timestamp, Valore, SensoreID) VALUES (180, '2101-10-01 01:47:09', 63.91, 12);
INSERT INTO RILEVAZIONI (ID, Timestamp, Valore, SensoreID) VALUES (181, '2101-06-11 07:13:57', 1.69, 18);
INSERT INTO RILEVAZIONI (ID, Timestamp, Valore, SensoreID) VALUES (182, '2101-07-19 01:48:13', 5.0, 15);
INSERT INTO RILEVAZIONI (ID, Timestamp, Valore, SensoreID) VALUES (183, '2104-10-19 23:23:00', 97.39, 26);
INSERT INTO RILEVAZIONI (ID, Timestamp, Valore, SensoreID) VALUES (184, '2103-02-07 19:55:31', 88.66, 12);
INSERT INTO RILEVAZIONI (ID, Timestamp, Valore, SensoreID) VALUES (185, '2103-05-25 08:03:48', 60.09, 25);
INSERT INTO RILEVAZIONI (ID, Timestamp, Valore, SensoreID) VALUES (186, '2101-09-08 15:35:29', 65.26, 7);
INSERT INTO RILEVAZIONI (ID, Timestamp, Valore, SensoreID) VALUES (187, '2102-04-16 11:02:10', 48.81, 17);
INSERT INTO RILEVAZIONI (ID, Timestamp, Valore, SensoreID) VALUES (188, '2100-10-25 11:02:12', 3.08, 26);
INSERT INTO RILEVAZIONI (ID, Timestamp, Valore, SensoreID) VALUES (189, '2101-12-27 17:51:12', 69.73, 10);
INSERT INTO RILEVAZIONI (ID, Timestamp, Valore, SensoreID) VALUES (190, '2100-04-22 18:55:18', 0.99, 29);
INSERT INTO RILEVAZIONI (ID, Timestamp, Valore, SensoreID) VALUES (191, '2100-06-17 22:27:49', 28.76, 29);
INSERT INTO RILEVAZIONI (ID, Timestamp, Valore, SensoreID) VALUES (192, '2104-09-07 11:19:17', 18.35, 19);
INSERT INTO RILEVAZIONI (ID, Timestamp, Valore, SensoreID) VALUES (193, '2105-05-03 20:27:32', 0.87, 14);
INSERT INTO RILEVAZIONI (ID, Timestamp, Valore, SensoreID) VALUES (194, '2101-02-26 04:51:57', 27.24, 24);
INSERT INTO RILEVAZIONI (ID, Timestamp, Valore, SensoreID) VALUES (195, '2103-03-26 11:28:07', 65.8, 16);
INSERT INTO RILEVAZIONI (ID, Timestamp, Valore, SensoreID) VALUES (196, '2102-01-16 23:11:09', 71.33, 23);
INSERT INTO RILEVAZIONI (ID, Timestamp, Valore, SensoreID) VALUES (197, '2100-05-23 03:29:23', 26.92, 12);
INSERT INTO RILEVAZIONI (ID, Timestamp, Valore, SensoreID) VALUES (198, '2102-04-10 06:21:15', 81.13, 26);
INSERT INTO RILEVAZIONI (ID, Timestamp, Valore, SensoreID) VALUES (199, '2102-05-07 20:48:58', 89.94, 22);
INSERT INTO RILEVAZIONI (ID, Timestamp, Valore, SensoreID) VALUES (200, '2100-02-21 10:27:19', 71.17, 4);
INSERT INTO ANOMALIE (ID, Timestamp, Livello, Causa, SensoreID) VALUES (1, '2105-05-12 10:06:38', 'media', 'Surriscaldamento circuito principale', 8);
INSERT INTO ANOMALIE (ID, Timestamp, Livello, Causa, SensoreID) VALUES (2, '2104-02-03 17:14:33', 'bassa', 'Perdita di segnale remoto', 17);
INSERT INTO ANOMALIE (ID, Timestamp, Livello, Causa, SensoreID) VALUES (3, '2100-01-02 19:27:19', 'critica', 'Malfunzionamento software', 25);
INSERT INTO ANOMALIE (ID, Timestamp, Livello, Causa, SensoreID) VALUES (4, '2100-07-03 14:46:21', 'critica', 'Malfunzionamento software', 4);
INSERT INTO ANOMALIE (ID, Timestamp, Livello, Causa, SensoreID) VALUES (5, '2104-08-06 01:32:52', 'bassa', 'Malfunzionamento software', 14);
INSERT INTO ANOMALIE (ID, Timestamp, Livello, Causa, SensoreID) VALUES (6, '2101-09-13 12:12:46', 'media', 'Sovraccarico energetico', 30);
INSERT INTO ANOMALIE (ID, Timestamp, Livello, Causa, SensoreID) VALUES (7, '2104-02-11 12:16:56', 'alta', 'Infiltrazione di regolite', 3);
INSERT INTO ANOMALIE (ID, Timestamp, Livello, Causa, SensoreID) VALUES (8, '2104-02-26 10:25:42', 'critica', 'Tempesta di polveri', 22);
INSERT INTO ANOMALIE (ID, Timestamp, Livello, Causa, SensoreID) VALUES (9, '2102-06-21 05:54:45', 'critica', 'Malfunzionamento software', 10);
INSERT INTO ANOMALIE (ID, Timestamp, Livello, Causa, SensoreID) VALUES (10, '2104-10-28 14:22:22', 'critica', 'Perdita di segnale remoto', 16);
INSERT INTO ANOMALIE (ID, Timestamp, Livello, Causa, SensoreID) VALUES (11, '2100-09-05 14:12:05', 'alta', 'Errore di calibrazione', 17);
INSERT INTO ANOMALIE (ID, Timestamp, Livello, Causa, SensoreID) VALUES (12, '2105-08-06 04:00:33', 'alta', 'Errore di calibrazione', 23);
INSERT INTO ANOMALIE (ID, Timestamp, Livello, Causa, SensoreID) VALUES (13, '2101-02-13 18:54:27', 'critica', 'Danno da impatto micrometeoriti', 12);
INSERT INTO ANOMALIE (ID, Timestamp, Livello, Causa, SensoreID) VALUES (14, '2102-07-04 11:51:39', 'bassa', 'Malfunzionamento software', 12);
INSERT INTO ANOMALIE (ID, Timestamp, Livello, Causa, SensoreID) VALUES (15, '2101-08-14 22:25:50', 'alta', 'Interferenza elettromagnetica', 8);
INSERT INTO ANOMALIE (ID, Timestamp, Livello, Causa, SensoreID) VALUES (16, '2102-07-20 12:54:27', 'critica', 'Sovraccarico energetico', 14);
INSERT INTO ANOMALIE (ID, Timestamp, Livello, Causa, SensoreID) VALUES (17, '2102-05-13 19:33:58', 'media', 'Interferenza elettromagnetica', 7);
INSERT INTO ANOMALIE (ID, Timestamp, Livello, Causa, SensoreID) VALUES (18, '2102-06-18 07:56:17', 'media', 'Errore di calibrazione', 24);
INSERT INTO ANOMALIE (ID, Timestamp, Livello, Causa, SensoreID) VALUES (19, '2104-06-23 22:42:01', 'bassa', 'Perdita di segnale remoto', 1);
INSERT INTO ANOMALIE (ID, Timestamp, Livello, Causa, SensoreID) VALUES (20, '2100-02-27 07:23:04', 'bassa', 'Infiltrazione di regolite', 22);
INSERT INTO ANOMALIE (ID, Timestamp, Livello, Causa, SensoreID) VALUES (21, '2105-05-09 02:06:55', 'media', 'Perdita di segnale remoto', 11);
INSERT INTO ANOMALIE (ID, Timestamp, Livello, Causa, SensoreID) VALUES (22, '2102-01-18 17:34:58', 'critica', 'Errore di calibrazione', 19);
INSERT INTO ANOMALIE (ID, Timestamp, Livello, Causa, SensoreID) VALUES (23, '2101-04-12 04:49:42', 'critica', 'Errore di calibrazione', 12);
INSERT INTO ANOMALIE (ID, Timestamp, Livello, Causa, SensoreID) VALUES (24, '2102-11-25 03:04:11', 'alta', 'Errore di calibrazione', 10);
INSERT INTO ANOMALIE (ID, Timestamp, Livello, Causa, SensoreID) VALUES (25, '2103-04-26 16:17:47', 'media', 'Corrosione da radiazione', 8);
INSERT INTO ANOMALIE (ID, Timestamp, Livello, Causa, SensoreID) VALUES (26, '2104-09-01 11:02:40', 'critica', 'Surriscaldamento circuito principale', 9);
INSERT INTO ANOMALIE (ID, Timestamp, Livello, Causa, SensoreID) VALUES (27, '2105-04-11 23:46:50', 'bassa', 'Sovraccarico energetico', 26);
INSERT INTO ANOMALIE (ID, Timestamp, Livello, Causa, SensoreID) VALUES (28, '2103-07-07 03:41:36', 'bassa', 'Perdita di segnale remoto', 29);
INSERT INTO ANOMALIE (ID, Timestamp, Livello, Causa, SensoreID) VALUES (29, '2103-02-11 16:23:09', 'alta', 'Tempesta di polveri', 21);
INSERT INTO ANOMALIE (ID, Timestamp, Livello, Causa, SensoreID) VALUES (30, '2101-03-27 08:41:11', 'bassa', 'Infiltrazione di regolite', 19);
INSERT INTO ANOMALIE (ID, Timestamp, Livello, Causa, SensoreID) VALUES (31, '2105-03-19 20:53:57', 'media', 'Danno da impatto micrometeoriti', 26);
INSERT INTO ANOMALIE (ID, Timestamp, Livello, Causa, SensoreID) VALUES (32, '2103-11-14 02:36:35', 'critica', 'Sovraccarico energetico', 2);
INSERT INTO ANOMALIE (ID, Timestamp, Livello, Causa, SensoreID) VALUES (33, '2105-11-19 19:00:19', 'bassa', 'Sovraccarico energetico', 27);
INSERT INTO ANOMALIE (ID, Timestamp, Livello, Causa, SensoreID) VALUES (34, '2102-07-07 01:53:52', 'media', 'Sovraccarico energetico', 7);
INSERT INTO ANOMALIE (ID, Timestamp, Livello, Causa, SensoreID) VALUES (35, '2102-08-23 19:17:39', 'media', 'Interferenza elettromagnetica', 1);
INSERT INTO ANOMALIE (ID, Timestamp, Livello, Causa, SensoreID) VALUES (36, '2102-09-12 18:16:15', 'media', 'Sovraccarico energetico', 14);
INSERT INTO ANOMALIE (ID, Timestamp, Livello, Causa, SensoreID) VALUES (37, '2100-10-28 16:34:34', 'critica', 'Tempesta di polveri', 6);
INSERT INTO ANOMALIE (ID, Timestamp, Livello, Causa, SensoreID) VALUES (38, '2100-11-26 06:44:57', 'critica', 'Perdita di segnale remoto', 16);
INSERT INTO ANOMALIE (ID, Timestamp, Livello, Causa, SensoreID) VALUES (39, '2103-01-17 23:50:52', 'bassa', 'Infiltrazione di regolite', 21);
INSERT INTO ANOMALIE (ID, Timestamp, Livello, Causa, SensoreID) VALUES (40, '2104-12-06 13:30:54', 'alta', 'Danno da impatto micrometeoriti', 3);
INSERT INTO ANOMALIE (ID, Timestamp, Livello, Causa, SensoreID) VALUES (41, '2102-10-15 11:54:21', 'alta', 'Interferenza elettromagnetica', 21);
INSERT INTO ANOMALIE (ID, Timestamp, Livello, Causa, SensoreID) VALUES (42, '2104-02-29 13:53:48', 'bassa', 'Sovraccarico energetico', 26);
INSERT INTO ANOMALIE (ID, Timestamp, Livello, Causa, SensoreID) VALUES (43, '2103-11-04 01:36:47', 'media', 'Tempesta di polveri', 22);
INSERT INTO ANOMALIE (ID, Timestamp, Livello, Causa, SensoreID) VALUES (44, '2104-11-23 01:26:19', 'critica', 'Infiltrazione di regolite', 1);
INSERT INTO ANOMALIE (ID, Timestamp, Livello, Causa, SensoreID) VALUES (45, '2104-06-19 13:14:16', 'critica', 'Interferenza elettromagnetica', 9);
INSERT INTO ANOMALIE (ID, Timestamp, Livello, Causa, SensoreID) VALUES (46, '2105-03-30 20:40:13', 'bassa', 'Sovraccarico energetico', 2);
INSERT INTO ANOMALIE (ID, Timestamp, Livello, Causa, SensoreID) VALUES (47, '2102-05-02 13:57:16', 'critica', 'Sovraccarico energetico', 7);
INSERT INTO ANOMALIE (ID, Timestamp, Livello, Causa, SensoreID) VALUES (48, '2105-09-07 22:27:12', 'alta', 'Corrosione da radiazione', 21);
INSERT INTO ANOMALIE (ID, Timestamp, Livello, Causa, SensoreID) VALUES (49, '2103-10-20 03:07:49', 'media', 'Tempesta di polveri', 12);
INSERT INTO ANOMALIE (ID, Timestamp, Livello, Causa, SensoreID) VALUES (50, '2105-10-20 07:52:47', 'media', 'Danno da impatto micrometeoriti', 11);
INSERT INTO ANOMALIE (ID, Timestamp, Livello, Causa, SensoreID) VALUES (51, '2103-01-04 12:36:53', 'critica', 'Danno da impatto micrometeoriti', 28);
INSERT INTO ANOMALIE (ID, Timestamp, Livello, Causa, SensoreID) VALUES (52, '2103-03-03 21:05:06', 'bassa', 'Infiltrazione di regolite', 19);
INSERT INTO ANOMALIE (ID, Timestamp, Livello, Causa, SensoreID) VALUES (53, '2100-07-21 05:21:05', 'bassa', 'Danno da impatto micrometeoriti', 13);
INSERT INTO ANOMALIE (ID, Timestamp, Livello, Causa, SensoreID) VALUES (54, '2104-03-02 09:10:35', 'media', 'Danno da impatto micrometeoriti', 11);
INSERT INTO ANOMALIE (ID, Timestamp, Livello, Causa, SensoreID) VALUES (55, '2100-06-05 03:12:09', 'bassa', 'Corrosione da radiazione', 2);
INSERT INTO ANOMALIE (ID, Timestamp, Livello, Causa, SensoreID) VALUES (56, '2100-12-09 23:56:43', 'bassa', 'Interferenza elettromagnetica', 26);
INSERT INTO ANOMALIE (ID, Timestamp, Livello, Causa, SensoreID) VALUES (57, '2104-07-19 21:14:50', 'media', 'Interferenza elettromagnetica', 5);
INSERT INTO ANOMALIE (ID, Timestamp, Livello, Causa, SensoreID) VALUES (58, '2105-10-07 07:00:40', 'alta', 'Interferenza elettromagnetica', 8);
INSERT INTO ANOMALIE (ID, Timestamp, Livello, Causa, SensoreID) VALUES (59, '2101-10-16 10:58:05', 'bassa', 'Danno da impatto micrometeoriti', 2);
INSERT INTO ANOMALIE (ID, Timestamp, Livello, Causa, SensoreID) VALUES (60, '2105-05-07 07:51:53', 'critica', 'Errore di calibrazione', 10);
INSERT INTO INTERVENTI (ID, Descrizione, DataEsecuzione, Esito) VALUES (1, 'calibrazione', '2102-09-19 23:21:50', 'successo');
INSERT INTO INTERVENTI (ID, Descrizione, DataEsecuzione, Esito) VALUES (2, 'calibrazione', '2100-06-23 04:40:35', 'successo');
INSERT INTO INTERVENTI (ID, Descrizione, DataEsecuzione, Esito) VALUES (3, 'sostituzione', '2103-10-30 03:04:28', 'parziale');
INSERT INTO INTERVENTI (ID, Descrizione, DataEsecuzione, Esito) VALUES (4, 'calibrazione', '2103-09-20 11:06:03', 'parziale');
INSERT INTO INTERVENTI (ID, Descrizione, DataEsecuzione, Esito) VALUES (5, 'riparazione', '2100-08-12 01:32:00', 'successo');
INSERT INTO INTERVENTI (ID, Descrizione, DataEsecuzione, Esito) VALUES (6, 'riparazione', '2103-11-14 14:36:44', 'parziale');
INSERT INTO INTERVENTI (ID, Descrizione, DataEsecuzione, Esito) VALUES (7, 'sostituzione', '2102-11-01 01:55:14', 'successo');
INSERT INTO INTERVENTI (ID, Descrizione, DataEsecuzione, Esito) VALUES (8, 'calibrazione', '2101-03-27 20:37:25', 'fallimento');
INSERT INTO INTERVENTI (ID, Descrizione, DataEsecuzione, Esito) VALUES (9, 'riparazione', '2102-03-19 22:50:21', 'successo');
INSERT INTO INTERVENTI (ID, Descrizione, DataEsecuzione, Esito) VALUES (10, 'sostituzione', '2103-06-06 18:27:23', 'successo');
INSERT INTO INTERVENTI (ID, Descrizione, DataEsecuzione, Esito) VALUES (11, 'calibrazione', '2101-05-23 06:10:01', 'successo');
INSERT INTO INTERVENTI (ID, Descrizione, DataEsecuzione, Esito) VALUES (12, 'riparazione', '2101-03-26 13:43:18', 'successo');
INSERT INTO INTERVENTI (ID, Descrizione, DataEsecuzione, Esito) VALUES (13, 'riparazione', '2101-09-30 05:10:51', 'parziale');
INSERT INTO INTERVENTI (ID, Descrizione, DataEsecuzione, Esito) VALUES (14, 'riparazione', '2102-02-24 03:34:41', 'parziale');
INSERT INTO INTERVENTI (ID, Descrizione, DataEsecuzione, Esito) VALUES (15, 'riparazione', '2102-09-19 10:56:58', 'fallimento');
INSERT INTO INTERVENTI (ID, Descrizione, DataEsecuzione, Esito) VALUES (16, 'sostituzione', '2105-04-09 20:59:26', 'parziale');
INSERT INTO INTERVENTI (ID, Descrizione, DataEsecuzione, Esito) VALUES (17, 'sostituzione', '2104-03-02 23:32:46', 'fallimento');
INSERT INTO INTERVENTI (ID, Descrizione, DataEsecuzione, Esito) VALUES (18, 'calibrazione', '2100-05-12 04:43:35', 'parziale');
INSERT INTO INTERVENTI (ID, Descrizione, DataEsecuzione, Esito) VALUES (19, 'sostituzione', '2103-08-06 10:51:22', 'successo');
INSERT INTO INTERVENTI (ID, Descrizione, DataEsecuzione, Esito) VALUES (20, 'calibrazione', '2100-12-08 05:21:45', 'successo');
INSERT INTO INTERVENTI (ID, Descrizione, DataEsecuzione, Esito) VALUES (21, 'sostituzione', '2101-09-07 15:31:16', 'parziale');
INSERT INTO INTERVENTI (ID, Descrizione, DataEsecuzione, Esito) VALUES (22, 'riparazione', '2102-09-21 21:16:53', 'successo');
INSERT INTO INTERVENTI (ID, Descrizione, DataEsecuzione, Esito) VALUES (23, 'calibrazione', '2102-02-12 20:11:27', 'parziale');
INSERT INTO INTERVENTI (ID, Descrizione, DataEsecuzione, Esito) VALUES (24, 'sostituzione', '2100-12-09 11:22:14', 'parziale');
INSERT INTO INTERVENTI (ID, Descrizione, DataEsecuzione, Esito) VALUES (25, 'sostituzione', '2103-10-24 03:03:24', 'successo');
INSERT INTO INTERVENTI (ID, Descrizione, DataEsecuzione, Esito) VALUES (26, 'riparazione', '2104-05-07 01:13:26', 'fallimento');
INSERT INTO INTERVENTI (ID, Descrizione, DataEsecuzione, Esito) VALUES (27, 'calibrazione', '2103-11-30 13:30:30', 'parziale');
INSERT INTO INTERVENTI (ID, Descrizione, DataEsecuzione, Esito) VALUES (28, 'sostituzione', '2103-10-04 17:06:34', 'fallimento');
INSERT INTO INTERVENTI (ID, Descrizione, DataEsecuzione, Esito) VALUES (29, 'sostituzione', '2104-06-17 14:16:00', 'parziale');
INSERT INTO INTERVENTI (ID, Descrizione, DataEsecuzione, Esito) VALUES (30, 'calibrazione', '2104-02-22 06:31:30', 'fallimento');
INSERT INTO INTERVENTI (ID, Descrizione, DataEsecuzione, Esito) VALUES (31, 'riparazione', '2105-02-14 22:32:10', 'successo');
INSERT INTO INTERVENTI (ID, Descrizione, DataEsecuzione, Esito) VALUES (32, 'riparazione', '2104-04-02 19:23:59', 'fallimento');
INSERT INTO INTERVENTI (ID, Descrizione, DataEsecuzione, Esito) VALUES (33, 'sostituzione', '2100-08-18 02:42:43', 'fallimento');
INSERT INTO INTERVENTI (ID, Descrizione, DataEsecuzione, Esito) VALUES (34, 'riparazione', '2103-05-11 14:19:58', 'successo');
INSERT INTO INTERVENTI (ID, Descrizione, DataEsecuzione, Esito) VALUES (35, 'sostituzione', '2103-11-09 09:49:02', 'parziale');
INSERT INTO INTERVENTI (ID, Descrizione, DataEsecuzione, Esito) VALUES (36, 'calibrazione', '2100-02-20 20:45:55', 'parziale');
INSERT INTO INTERVENTI (ID, Descrizione, DataEsecuzione, Esito) VALUES (37, 'calibrazione', '2103-06-11 21:54:37', 'parziale');
INSERT INTO INTERVENTI (ID, Descrizione, DataEsecuzione, Esito) VALUES (38, 'riparazione', '2102-06-11 20:16:16', 'successo');
INSERT INTO INTERVENTI (ID, Descrizione, DataEsecuzione, Esito) VALUES (39, 'calibrazione', '2104-01-02 19:17:50', 'parziale');
INSERT INTO INTERVENTI (ID, Descrizione, DataEsecuzione, Esito) VALUES (40, 'sostituzione', '2103-01-31 06:35:10', 'successo');
INSERT INTO INTERVENTI (ID, Descrizione, DataEsecuzione, Esito) VALUES (41, 'sostituzione', '2101-09-15 23:16:33', 'successo');
INSERT INTO INTERVENTI (ID, Descrizione, DataEsecuzione, Esito) VALUES (42, 'riparazione', '2102-10-05 09:07:30', 'fallimento');
INSERT INTO INTERVENTI (ID, Descrizione, DataEsecuzione, Esito) VALUES (43, 'sostituzione', '2101-05-26 19:56:05', 'fallimento');
INSERT INTO INTERVENTI (ID, Descrizione, DataEsecuzione, Esito) VALUES (44, 'riparazione', '2103-07-20 13:33:39', 'parziale');
INSERT INTO INTERVENTI (ID, Descrizione, DataEsecuzione, Esito) VALUES (45, 'riparazione', '2102-04-02 15:39:06', 'parziale');
INSERT INTO INTERVENTI (ID, Descrizione, DataEsecuzione, Esito) VALUES (46, 'sostituzione', '2105-02-24 09:13:57', 'fallimento');
INSERT INTO INTERVENTI (ID, Descrizione, DataEsecuzione, Esito) VALUES (47, 'riparazione', '2101-04-01 04:12:39', 'successo');
INSERT INTO INTERVENTI (ID, Descrizione, DataEsecuzione, Esito) VALUES (48, 'calibrazione', '2103-06-24 10:51:59', 'parziale');
INSERT INTO INTERVENTI (ID, Descrizione, DataEsecuzione, Esito) VALUES (49, 'calibrazione', '2105-08-07 21:36:19', 'successo');
INSERT INTO INTERVENTI (ID, Descrizione, DataEsecuzione, Esito) VALUES (50, 'calibrazione', '2101-11-08 14:56:01', 'parziale');
INSERT INTO REPORT (ID, Valutazione) VALUES (1, 'Situazione sotto controllo');
INSERT INTO REPORT (ID, Valutazione) VALUES (2, 'Missione riuscita con successo');
INSERT INTO REPORT (ID, Valutazione) VALUES (3, 'Obiettivo completato, anomalie minori');
INSERT INTO REPORT (ID, Valutazione) VALUES (4, 'Obiettivo completato, anomalie minori');
INSERT INTO REPORT (ID, Valutazione) VALUES (5, 'Situazione sotto controllo');
INSERT INTO REPORT (ID, Valutazione) VALUES (6, 'Rilevazioni incoerenti, verifica necessaria');
INSERT INTO REPORT (ID, Valutazione) VALUES (7, 'Situazione sotto controllo');
INSERT INTO REPORT (ID, Valutazione) VALUES (8, 'Missione riuscita con successo');
INSERT INTO REPORT (ID, Valutazione) VALUES (9, 'Robot malfunzionante, intervento richiesto');
INSERT INTO REPORT (ID, Valutazione) VALUES (10, 'Performance oltre le aspettative');
INSERT INTO REPORT (ID, Valutazione) VALUES (11, 'Rilevazioni incoerenti, verifica necessaria');
INSERT INTO REPORT (ID, Valutazione) VALUES (12, 'Performance oltre le aspettative');
INSERT INTO REPORT (ID, Valutazione) VALUES (13, 'Performance oltre le aspettative');
INSERT INTO REPORT (ID, Valutazione) VALUES (14, 'Robot malfunzionante, intervento richiesto');
INSERT INTO REPORT (ID, Valutazione) VALUES (15, 'Operazioni ritardate da guasti tecnici');
INSERT INTO REPORT (ID, Valutazione) VALUES (16, 'Situazione sotto controllo');
INSERT INTO REPORT (ID, Valutazione) VALUES (17, 'Robot malfunzionante, intervento richiesto');
INSERT INTO REPORT (ID, Valutazione) VALUES (18, 'Obiettivo completato, anomalie minori');
INSERT INTO REPORT (ID, Valutazione) VALUES (19, 'Performance oltre le aspettative');
INSERT INTO REPORT (ID, Valutazione) VALUES (20, 'Situazione sotto controllo');
INSERT INTO UTILIZZO_SENSORI (MissioneID, SensoreID) VALUES (16, 2);
INSERT INTO UTILIZZO_SENSORI (MissioneID, SensoreID) VALUES (6, 29);
INSERT INTO UTILIZZO_SENSORI (MissioneID, SensoreID) VALUES (14, 2);
INSERT INTO UTILIZZO_SENSORI (MissioneID, SensoreID) VALUES (19, 15);
INSERT INTO UTILIZZO_SENSORI (MissioneID, SensoreID) VALUES (4, 13);
INSERT INTO UTILIZZO_SENSORI (MissioneID, SensoreID) VALUES (12, 8);
INSERT INTO UTILIZZO_SENSORI (MissioneID, SensoreID) VALUES (6, 13);
INSERT INTO UTILIZZO_SENSORI (MissioneID, SensoreID) VALUES (19, 12);
INSERT INTO UTILIZZO_SENSORI (MissioneID, SensoreID) VALUES (7, 25);
INSERT INTO UTILIZZO_SENSORI (MissioneID, SensoreID) VALUES (3, 9);
INSERT INTO UTILIZZO_SENSORI (MissioneID, SensoreID) VALUES (5, 27);
INSERT INTO UTILIZZO_SENSORI (MissioneID, SensoreID) VALUES (16, 25);
INSERT INTO UTILIZZO_SENSORI (MissioneID, SensoreID) VALUES (19, 19);
INSERT INTO UTILIZZO_SENSORI (MissioneID, SensoreID) VALUES (14, 16);
INSERT INTO UTILIZZO_SENSORI (MissioneID, SensoreID) VALUES (9, 20);
INSERT INTO UTILIZZO_SENSORI (MissioneID, SensoreID) VALUES (2, 9);
INSERT INTO UTILIZZO_SENSORI (MissioneID, SensoreID) VALUES (12, 25);
INSERT INTO UTILIZZO_SENSORI (MissioneID, SensoreID) VALUES (15, 12);
INSERT INTO UTILIZZO_SENSORI (MissioneID, SensoreID) VALUES (15, 23);
INSERT INTO UTILIZZO_SENSORI (MissioneID, SensoreID) VALUES (10, 20);
INSERT INTO UTILIZZO_SENSORI (MissioneID, SensoreID) VALUES (1, 27);
INSERT INTO UTILIZZO_SENSORI (MissioneID, SensoreID) VALUES (6, 3);
INSERT INTO UTILIZZO_SENSORI (MissioneID, SensoreID) VALUES (4, 1);
INSERT INTO UTILIZZO_SENSORI (MissioneID, SensoreID) VALUES (5, 24);
INSERT INTO UTILIZZO_SENSORI (MissioneID, SensoreID) VALUES (6, 20);
INSERT INTO UTILIZZO_SENSORI (MissioneID, SensoreID) VALUES (12, 5);
INSERT INTO UTILIZZO_SENSORI (MissioneID, SensoreID) VALUES (17, 10);
INSERT INTO UTILIZZO_SENSORI (MissioneID, SensoreID) VALUES (10, 6);
INSERT INTO UTILIZZO_SENSORI (MissioneID, SensoreID) VALUES (7, 19);
INSERT INTO UTILIZZO_SENSORI (MissioneID, SensoreID) VALUES (20, 21);
INSERT INTO UTILIZZO_SENSORI (MissioneID, SensoreID) VALUES (19, 30);
INSERT INTO UTILIZZO_SENSORI (MissioneID, SensoreID) VALUES (8, 3);
INSERT INTO UTILIZZO_SENSORI (MissioneID, SensoreID) VALUES (4, 4);
INSERT INTO UTILIZZO_SENSORI (MissioneID, SensoreID) VALUES (6, 5);
INSERT INTO UTILIZZO_SENSORI (MissioneID, SensoreID) VALUES (8, 14);
INSERT INTO UTILIZZO_SENSORI (MissioneID, SensoreID) VALUES (13, 23);
INSERT INTO UTILIZZO_SENSORI (MissioneID, SensoreID) VALUES (15, 26);
INSERT INTO UTILIZZO_SENSORI (MissioneID, SensoreID) VALUES (18, 11);
INSERT INTO UTILIZZO_SENSORI (MissioneID, SensoreID) VALUES (8, 27);
INSERT INTO UTILIZZO_SENSORI (MissioneID, SensoreID) VALUES (17, 20);
INSERT INTO UTILIZZO_SENSORI (MissioneID, SensoreID) VALUES (15, 15);
INSERT INTO UTILIZZO_SENSORI (MissioneID, SensoreID) VALUES (6, 8);
INSERT INTO UTILIZZO_SENSORI (MissioneID, SensoreID) VALUES (18, 10);
INSERT INTO UTILIZZO_SENSORI (MissioneID, SensoreID) VALUES (1, 24);
INSERT INTO UTILIZZO_SENSORI (MissioneID, SensoreID) VALUES (20, 24);
INSERT INTO UTILIZZO_SENSORI (MissioneID, SensoreID) VALUES (1, 18);
INSERT INTO UTILIZZO_SENSORI (MissioneID, SensoreID) VALUES (13, 19);
INSERT INTO UTILIZZO_SENSORI (MissioneID, SensoreID) VALUES (19, 9);
INSERT INTO UTILIZZO_SENSORI (MissioneID, SensoreID) VALUES (7, 4);
INSERT INTO UTILIZZO_SENSORI (MissioneID, SensoreID) VALUES (10, 19);
INSERT INTO UTILIZZO_SENSORI (MissioneID, SensoreID) VALUES (13, 15);
INSERT INTO UTILIZZO_SENSORI (MissioneID, SensoreID) VALUES (10, 18);
INSERT INTO UTILIZZO_SENSORI (MissioneID, SensoreID) VALUES (20, 3);
INSERT INTO UTILIZZO_SENSORI (MissioneID, SensoreID) VALUES (9, 15);
INSERT INTO UTILIZZO_SENSORI (MissioneID, SensoreID) VALUES (13, 6);
INSERT INTO UTILIZZO_SENSORI (MissioneID, SensoreID) VALUES (13, 27);
INSERT INTO UTILIZZO_SENSORI (MissioneID, SensoreID) VALUES (9, 9);
INSERT INTO UTILIZZO_SENSORI (MissioneID, SensoreID) VALUES (17, 4);
INSERT INTO UTILIZZO_SENSORI (MissioneID, SensoreID) VALUES (16, 23);
INSERT INTO UTILIZZO_SENSORI (MissioneID, SensoreID) VALUES (5, 26);
INSERT INTO UTILIZZO_ROBOT (MissioneID, RobotID) VALUES (15, 11);
INSERT INTO UTILIZZO_ROBOT (MissioneID, RobotID) VALUES (1, 13);
INSERT INTO UTILIZZO_ROBOT (MissioneID, RobotID) VALUES (5, 20);
INSERT INTO UTILIZZO_ROBOT (MissioneID, RobotID) VALUES (4, 1);
INSERT INTO UTILIZZO_ROBOT (MissioneID, RobotID) VALUES (19, 4);
INSERT INTO UTILIZZO_ROBOT (MissioneID, RobotID) VALUES (15, 7);
INSERT INTO UTILIZZO_ROBOT (MissioneID, RobotID) VALUES (12, 16);
INSERT INTO UTILIZZO_ROBOT (MissioneID, RobotID) VALUES (9, 10);
INSERT INTO UTILIZZO_ROBOT (MissioneID, RobotID) VALUES (5, 19);
INSERT INTO UTILIZZO_ROBOT (MissioneID, RobotID) VALUES (6, 14);
INSERT INTO UTILIZZO_ROBOT (MissioneID, RobotID) VALUES (20, 18);
INSERT INTO UTILIZZO_ROBOT (MissioneID, RobotID) VALUES (9, 3);
INSERT INTO UTILIZZO_ROBOT (MissioneID, RobotID) VALUES (2, 9);
INSERT INTO UTILIZZO_ROBOT (MissioneID, RobotID) VALUES (12, 10);
INSERT INTO UTILIZZO_ROBOT (MissioneID, RobotID) VALUES (14, 18);
INSERT INTO UTILIZZO_ROBOT (MissioneID, RobotID) VALUES (1, 16);
INSERT INTO UTILIZZO_ROBOT (MissioneID, RobotID) VALUES (7, 10);
INSERT INTO UTILIZZO_ROBOT (MissioneID, RobotID) VALUES (15, 14);
INSERT INTO UTILIZZO_ROBOT (MissioneID, RobotID) VALUES (18, 2);
INSERT INTO UTILIZZO_ROBOT (MissioneID, RobotID) VALUES (11, 19);
INSERT INTO UTILIZZO_ROBOT (MissioneID, RobotID) VALUES (16, 10);
INSERT INTO UTILIZZO_ROBOT (MissioneID, RobotID) VALUES (4, 9);
INSERT INTO UTILIZZO_ROBOT (MissioneID, RobotID) VALUES (10, 16);
INSERT INTO UTILIZZO_ROBOT (MissioneID, RobotID) VALUES (14, 20);
INSERT INTO UTILIZZO_ROBOT (MissioneID, RobotID) VALUES (9, 13);
INSERT INTO UTILIZZO_ROBOT (MissioneID, RobotID) VALUES (13, 5);
INSERT INTO UTILIZZO_ROBOT (MissioneID, RobotID) VALUES (17, 1);
INSERT INTO UTILIZZO_ROBOT (MissioneID, RobotID) VALUES (20, 19);
INSERT INTO UTILIZZO_ROBOT (MissioneID, RobotID) VALUES (16, 6);
INSERT INTO UTILIZZO_ROBOT (MissioneID, RobotID) VALUES (10, 14);
INSERT INTO UTILIZZO_ROBOT (MissioneID, RobotID) VALUES (2, 17);
INSERT INTO UTILIZZO_ROBOT (MissioneID, RobotID) VALUES (15, 12);
INSERT INTO UTILIZZO_ROBOT (MissioneID, RobotID) VALUES (12, 6);
INSERT INTO UTILIZZO_ROBOT (MissioneID, RobotID) VALUES (18, 4);
INSERT INTO UTILIZZO_ROBOT (MissioneID, RobotID) VALUES (9, 19);
INSERT INTO UTILIZZO_ROBOT (MissioneID, RobotID) VALUES (13, 9);
INSERT INTO UTILIZZO_ROBOT (MissioneID, RobotID) VALUES (5, 16);
INSERT INTO UTILIZZO_ROBOT (MissioneID, RobotID) VALUES (19, 1);
INSERT INTO UTILIZZO_ROBOT (MissioneID, RobotID) VALUES (17, 9);
INSERT INTO UTILIZZO_ROBOT (MissioneID, RobotID) VALUES (19, 20);
INSERT INTO PARTECIPAZIONI (MissioneID, MembroID) VALUES (6, 34);
INSERT INTO PARTECIPAZIONI (MissioneID, MembroID) VALUES (9, 40);
INSERT INTO PARTECIPAZIONI (MissioneID, MembroID) VALUES (11, 30);
INSERT INTO PARTECIPAZIONI (MissioneID, MembroID) VALUES (8, 20);
INSERT INTO PARTECIPAZIONI (MissioneID, MembroID) VALUES (15, 16);
INSERT INTO PARTECIPAZIONI (MissioneID, MembroID) VALUES (20, 4);
INSERT INTO PARTECIPAZIONI (MissioneID, MembroID) VALUES (16, 29);
INSERT INTO PARTECIPAZIONI (MissioneID, MembroID) VALUES (12, 12);
INSERT INTO PARTECIPAZIONI (MissioneID, MembroID) VALUES (3, 26);
INSERT INTO PARTECIPAZIONI (MissioneID, MembroID) VALUES (19, 28);
INSERT INTO PARTECIPAZIONI (MissioneID, MembroID) VALUES (12, 25);
INSERT INTO PARTECIPAZIONI (MissioneID, MembroID) VALUES (4, 29);
INSERT INTO PARTECIPAZIONI (MissioneID, MembroID) VALUES (10, 2);
INSERT INTO PARTECIPAZIONI (MissioneID, MembroID) VALUES (13, 35);
INSERT INTO PARTECIPAZIONI (MissioneID, MembroID) VALUES (1, 34);
INSERT INTO PARTECIPAZIONI (MissioneID, MembroID) VALUES (4, 10);
INSERT INTO PARTECIPAZIONI (MissioneID, MembroID) VALUES (7, 31);
INSERT INTO PARTECIPAZIONI (MissioneID, MembroID) VALUES (2, 19);
INSERT INTO PARTECIPAZIONI (MissioneID, MembroID) VALUES (3, 23);
INSERT INTO PARTECIPAZIONI (MissioneID, MembroID) VALUES (6, 16);
INSERT INTO PARTECIPAZIONI (MissioneID, MembroID) VALUES (12, 38);
INSERT INTO PARTECIPAZIONI (MissioneID, MembroID) VALUES (18, 24);
INSERT INTO PARTECIPAZIONI (MissioneID, MembroID) VALUES (8, 16);
INSERT INTO PARTECIPAZIONI (MissioneID, MembroID) VALUES (4, 35);
INSERT INTO PARTECIPAZIONI (MissioneID, MembroID) VALUES (2, 25);
INSERT INTO PARTECIPAZIONI (MissioneID, MembroID) VALUES (19, 3);
INSERT INTO PARTECIPAZIONI (MissioneID, MembroID) VALUES (17, 8);
INSERT INTO PARTECIPAZIONI (MissioneID, MembroID) VALUES (12, 13);
INSERT INTO PARTECIPAZIONI (MissioneID, MembroID) VALUES (3, 34);
INSERT INTO PARTECIPAZIONI (MissioneID, MembroID) VALUES (14, 35);
INSERT INTO PARTECIPAZIONI (MissioneID, MembroID) VALUES (1, 37);
INSERT INTO PARTECIPAZIONI (MissioneID, MembroID) VALUES (20, 38);
INSERT INTO PARTECIPAZIONI (MissioneID, MembroID) VALUES (10, 32);
INSERT INTO PARTECIPAZIONI (MissioneID, MembroID) VALUES (17, 2);
INSERT INTO PARTECIPAZIONI (MissioneID, MembroID) VALUES (11, 6);
INSERT INTO PARTECIPAZIONI (MissioneID, MembroID) VALUES (10, 14);
INSERT INTO PARTECIPAZIONI (MissioneID, MembroID) VALUES (10, 8);
INSERT INTO PARTECIPAZIONI (MissioneID, MembroID) VALUES (6, 19);
INSERT INTO PARTECIPAZIONI (MissioneID, MembroID) VALUES (7, 16);
INSERT INTO PARTECIPAZIONI (MissioneID, MembroID) VALUES (19, 35);
INSERT INTO PARTECIPAZIONI (MissioneID, MembroID) VALUES (1, 1);
INSERT INTO PARTECIPAZIONI (MissioneID, MembroID) VALUES (6, 37);
INSERT INTO PARTECIPAZIONI (MissioneID, MembroID) VALUES (3, 2);
INSERT INTO PARTECIPAZIONI (MissioneID, MembroID) VALUES (14, 30);
INSERT INTO PARTECIPAZIONI (MissioneID, MembroID) VALUES (14, 24);
INSERT INTO PARTECIPAZIONI (MissioneID, MembroID) VALUES (13, 38);
INSERT INTO PARTECIPAZIONI (MissioneID, MembroID) VALUES (14, 14);
INSERT INTO PARTECIPAZIONI (MissioneID, MembroID) VALUES (14, 7);
INSERT INTO PARTECIPAZIONI (MissioneID, MembroID) VALUES (14, 1);
INSERT INTO PARTECIPAZIONI (MissioneID, MembroID) VALUES (18, 19);
INSERT INTO PARTECIPAZIONI (MissioneID, MembroID) VALUES (20, 35);
INSERT INTO PARTECIPAZIONI (MissioneID, MembroID) VALUES (7, 38);
INSERT INTO PARTECIPAZIONI (MissioneID, MembroID) VALUES (10, 10);
INSERT INTO PARTECIPAZIONI (MissioneID, MembroID) VALUES (13, 9);
INSERT INTO PARTECIPAZIONI (MissioneID, MembroID) VALUES (16, 24);
INSERT INTO PARTECIPAZIONI (MissioneID, MembroID) VALUES (4, 25);
INSERT INTO PARTECIPAZIONI (MissioneID, MembroID) VALUES (9, 30);
INSERT INTO PARTECIPAZIONI (MissioneID, MembroID) VALUES (13, 25);
INSERT INTO PARTECIPAZIONI (MissioneID, MembroID) VALUES (11, 35);
INSERT INTO PARTECIPAZIONI (MissioneID, MembroID) VALUES (7, 26);
INSERT INTO COINVOLGIMENTI (InterventoID, MembroID) VALUES (1, 10);
INSERT INTO COINVOLGIMENTI (InterventoID, MembroID) VALUES (31, 10);
INSERT INTO COINVOLGIMENTI (InterventoID, MembroID) VALUES (48, 25);
INSERT INTO COINVOLGIMENTI (InterventoID, MembroID) VALUES (50, 20);
INSERT INTO COINVOLGIMENTI (InterventoID, MembroID) VALUES (21, 9);
INSERT INTO COINVOLGIMENTI (InterventoID, MembroID) VALUES (48, 8);
INSERT INTO COINVOLGIMENTI (InterventoID, MembroID) VALUES (38, 19);
INSERT INTO COINVOLGIMENTI (InterventoID, MembroID) VALUES (5, 24);
INSERT INTO COINVOLGIMENTI (InterventoID, MembroID) VALUES (46, 14);
INSERT INTO COINVOLGIMENTI (InterventoID, MembroID) VALUES (5, 1);
INSERT INTO COINVOLGIMENTI (InterventoID, MembroID) VALUES (40, 14);
INSERT INTO COINVOLGIMENTI (InterventoID, MembroID) VALUES (2, 12);
INSERT INTO COINVOLGIMENTI (InterventoID, MembroID) VALUES (30, 28);
INSERT INTO COINVOLGIMENTI (InterventoID, MembroID) VALUES (2, 5);
INSERT INTO COINVOLGIMENTI (InterventoID, MembroID) VALUES (30, 38);
INSERT INTO COINVOLGIMENTI (InterventoID, MembroID) VALUES (42, 38);
INSERT INTO COINVOLGIMENTI (InterventoID, MembroID) VALUES (22, 18);
INSERT INTO COINVOLGIMENTI (InterventoID, MembroID) VALUES (5, 3);
INSERT INTO COINVOLGIMENTI (InterventoID, MembroID) VALUES (11, 26);
INSERT INTO COINVOLGIMENTI (InterventoID, MembroID) VALUES (18, 1);
INSERT INTO COINVOLGIMENTI (InterventoID, MembroID) VALUES (8, 31);
INSERT INTO COINVOLGIMENTI (InterventoID, MembroID) VALUES (39, 33);
INSERT INTO COINVOLGIMENTI (InterventoID, MembroID) VALUES (26, 7);
INSERT INTO COINVOLGIMENTI (InterventoID, MembroID) VALUES (49, 16);
INSERT INTO COINVOLGIMENTI (InterventoID, MembroID) VALUES (13, 29);
INSERT INTO COINVOLGIMENTI (InterventoID, MembroID) VALUES (16, 40);
INSERT INTO COINVOLGIMENTI (InterventoID, MembroID) VALUES (30, 31);
INSERT INTO COINVOLGIMENTI (InterventoID, MembroID) VALUES (43, 34);
INSERT INTO COINVOLGIMENTI (InterventoID, MembroID) VALUES (41, 39);
INSERT INTO COINVOLGIMENTI (InterventoID, MembroID) VALUES (44, 13);
INSERT INTO COINVOLGIMENTI (InterventoID, MembroID) VALUES (2, 28);
INSERT INTO COINVOLGIMENTI (InterventoID, MembroID) VALUES (48, 30);
INSERT INTO COINVOLGIMENTI (InterventoID, MembroID) VALUES (38, 26);
INSERT INTO COINVOLGIMENTI (InterventoID, MembroID) VALUES (43, 21);
INSERT INTO COINVOLGIMENTI (InterventoID, MembroID) VALUES (11, 30);
INSERT INTO COINVOLGIMENTI (InterventoID, MembroID) VALUES (33, 30);
INSERT INTO COINVOLGIMENTI (InterventoID, MembroID) VALUES (23, 11);
INSERT INTO COINVOLGIMENTI (InterventoID, MembroID) VALUES (24, 23);
INSERT INTO COINVOLGIMENTI (InterventoID, MembroID) VALUES (27, 28);
INSERT INTO COINVOLGIMENTI (InterventoID, MembroID) VALUES (16, 4);
INSERT INTO COINVOLGIMENTI (InterventoID, MembroID) VALUES (24, 25);
INSERT INTO COINVOLGIMENTI (InterventoID, MembroID) VALUES (32, 1);
INSERT INTO COINVOLGIMENTI (InterventoID, MembroID) VALUES (22, 14);
INSERT INTO COINVOLGIMENTI (InterventoID, MembroID) VALUES (31, 33);
INSERT INTO COINVOLGIMENTI (InterventoID, MembroID) VALUES (15, 13);
INSERT INTO COINVOLGIMENTI (InterventoID, MembroID) VALUES (11, 40);
INSERT INTO COINVOLGIMENTI (InterventoID, MembroID) VALUES (45, 28);
INSERT INTO COINVOLGIMENTI (InterventoID, MembroID) VALUES (18, 13);
INSERT INTO COINVOLGIMENTI (InterventoID, MembroID) VALUES (42, 27);
INSERT INTO COINVOLGIMENTI (InterventoID, MembroID) VALUES (14, 31);
INSERT INTO COINVOLGIMENTI (InterventoID, MembroID) VALUES (9, 1);
INSERT INTO COINVOLGIMENTI (InterventoID, MembroID) VALUES (19, 26);
INSERT INTO COINVOLGIMENTI (InterventoID, MembroID) VALUES (9, 25);
INSERT INTO COINVOLGIMENTI (InterventoID, MembroID) VALUES (29, 26);
INSERT INTO COINVOLGIMENTI (InterventoID, MembroID) VALUES (25, 5);
INSERT INTO COINVOLGIMENTI (InterventoID, MembroID) VALUES (24, 30);
INSERT INTO COINVOLGIMENTI (InterventoID, MembroID) VALUES (23, 17);
INSERT INTO COINVOLGIMENTI (InterventoID, MembroID) VALUES (43, 17);
INSERT INTO COINVOLGIMENTI (InterventoID, MembroID) VALUES (46, 9);
INSERT INTO COINVOLGIMENTI (InterventoID, MembroID) VALUES (17, 19);
INSERT INTO INTERAZIONI_TECNICHE (MembroID, SensoreID, Timestamp, Tipo) VALUES (1, 1, '2100-07-08 13:04:12', 'riparazione');
INSERT INTO INTERAZIONI_TECNICHE (MembroID, SensoreID, Timestamp, Tipo) VALUES (26, 18, '2100-09-09 20:54:03', 'manutenzione');
INSERT INTO INTERAZIONI_TECNICHE (MembroID, SensoreID, Timestamp, Tipo) VALUES (20, 2, '2105-11-30 14:36:48', 'verifica');
INSERT INTO INTERAZIONI_TECNICHE (MembroID, SensoreID, Timestamp, Tipo) VALUES (20, 14, '2100-03-03 18:18:58', 'manutenzione');
INSERT INTO INTERAZIONI_TECNICHE (MembroID, SensoreID, Timestamp, Tipo) VALUES (12, 28, '2102-02-06 17:12:27', 'riparazione');
INSERT INTO INTERAZIONI_TECNICHE (MembroID, SensoreID, Timestamp, Tipo) VALUES (20, 17, '2103-08-11 16:52:54', 'manutenzione');
INSERT INTO INTERAZIONI_TECNICHE (MembroID, SensoreID, Timestamp, Tipo) VALUES (2, 28, '2104-09-21 09:45:21', 'manutenzione');
INSERT INTO INTERAZIONI_TECNICHE (MembroID, SensoreID, Timestamp, Tipo) VALUES (15, 9, '2105-08-13 07:20:22', 'riparazione');
INSERT INTO INTERAZIONI_TECNICHE (MembroID, SensoreID, Timestamp, Tipo) VALUES (15, 13, '2105-04-08 10:27:36', 'verifica');
INSERT INTO INTERAZIONI_TECNICHE (MembroID, SensoreID, Timestamp, Tipo) VALUES (24, 14, '2103-12-18 18:56:28', 'manutenzione');
INSERT INTO INTERAZIONI_TECNICHE (MembroID, SensoreID, Timestamp, Tipo) VALUES (28, 11, '2100-09-04 02:35:48', 'manutenzione');
INSERT INTO INTERAZIONI_TECNICHE (MembroID, SensoreID, Timestamp, Tipo) VALUES (37, 3, '2101-10-12 04:05:57', 'verifica');
INSERT INTO INTERAZIONI_TECNICHE (MembroID, SensoreID, Timestamp, Tipo) VALUES (39, 1, '2104-09-03 23:11:03', 'verifica');
INSERT INTO INTERAZIONI_TECNICHE (MembroID, SensoreID, Timestamp, Tipo) VALUES (8, 5, '2103-04-27 03:55:43', 'riparazione');
INSERT INTO INTERAZIONI_TECNICHE (MembroID, SensoreID, Timestamp, Tipo) VALUES (31, 4, '2101-09-16 10:18:58', 'manutenzione');
INSERT INTO INTERAZIONI_TECNICHE (MembroID, SensoreID, Timestamp, Tipo) VALUES (20, 5, '2100-11-13 00:57:56', 'verifica');
INSERT INTO INTERAZIONI_TECNICHE (MembroID, SensoreID, Timestamp, Tipo) VALUES (24, 25, '2100-02-20 20:59:54', 'manutenzione');
INSERT INTO INTERAZIONI_TECNICHE (MembroID, SensoreID, Timestamp, Tipo) VALUES (35, 4, '2102-05-03 10:02:14', 'riparazione');
INSERT INTO INTERAZIONI_TECNICHE (MembroID, SensoreID, Timestamp, Tipo) VALUES (26, 20, '2105-12-09 19:01:43', 'verifica');
INSERT INTO INTERAZIONI_TECNICHE (MembroID, SensoreID, Timestamp, Tipo) VALUES (21, 25, '2104-08-20 23:18:48', 'manutenzione');
INSERT INTO INTERAZIONI_TECNICHE (MembroID, SensoreID, Timestamp, Tipo) VALUES (26, 3, '2103-11-19 23:27:15', 'manutenzione');
INSERT INTO INTERAZIONI_TECNICHE (MembroID, SensoreID, Timestamp, Tipo) VALUES (13, 18, '2101-04-07 09:23:26', 'verifica');
INSERT INTO INTERAZIONI_TECNICHE (MembroID, SensoreID, Timestamp, Tipo) VALUES (37, 5, '2105-12-30 10:24:17', 'riparazione');
INSERT INTO INTERAZIONI_TECNICHE (MembroID, SensoreID, Timestamp, Tipo) VALUES (8, 4, '2104-01-13 05:48:21', 'manutenzione');
INSERT INTO INTERAZIONI_TECNICHE (MembroID, SensoreID, Timestamp, Tipo) VALUES (10, 30, '2103-04-01 06:16:06', 'manutenzione');
INSERT INTO INTERAZIONI_TECNICHE (MembroID, SensoreID, Timestamp, Tipo) VALUES (19, 26, '2103-05-30 18:02:05', 'riparazione');
INSERT INTO INTERAZIONI_TECNICHE (MembroID, SensoreID, Timestamp, Tipo) VALUES (17, 30, '2101-02-06 11:05:17', 'verifica');
INSERT INTO INTERAZIONI_TECNICHE (MembroID, SensoreID, Timestamp, Tipo) VALUES (4, 16, '2104-02-11 03:50:58', 'manutenzione');
INSERT INTO INTERAZIONI_TECNICHE (MembroID, SensoreID, Timestamp, Tipo) VALUES (22, 15, '2105-01-14 07:14:20', 'verifica');
INSERT INTO INTERAZIONI_TECNICHE (MembroID, SensoreID, Timestamp, Tipo) VALUES (13, 24, '2100-02-13 09:01:51', 'manutenzione');
INSERT INTO INTERAZIONI_TECNICHE (MembroID, SensoreID, Timestamp, Tipo) VALUES (10, 23, '2105-08-13 04:08:10', 'riparazione');
INSERT INTO INTERAZIONI_TECNICHE (MembroID, SensoreID, Timestamp, Tipo) VALUES (20, 8, '2103-11-15 23:48:00', 'verifica');
INSERT INTO INTERAZIONI_TECNICHE (MembroID, SensoreID, Timestamp, Tipo) VALUES (25, 26, '2103-07-18 00:02:31', 'manutenzione');
INSERT INTO INTERAZIONI_TECNICHE (MembroID, SensoreID, Timestamp, Tipo) VALUES (32, 22, '2105-07-10 03:39:20', 'manutenzione');
INSERT INTO INTERAZIONI_TECNICHE (MembroID, SensoreID, Timestamp, Tipo) VALUES (38, 19, '2100-01-13 16:31:32', 'verifica');
INSERT INTO INTERAZIONI_TECNICHE (MembroID, SensoreID, Timestamp, Tipo) VALUES (39, 6, '2103-03-01 06:09:52', 'manutenzione');
INSERT INTO INTERAZIONI_TECNICHE (MembroID, SensoreID, Timestamp, Tipo) VALUES (22, 20, '2103-03-13 03:47:30', 'manutenzione');
INSERT INTO INTERAZIONI_TECNICHE (MembroID, SensoreID, Timestamp, Tipo) VALUES (26, 27, '2100-06-03 14:18:05', 'manutenzione');
INSERT INTO INTERAZIONI_TECNICHE (MembroID, SensoreID, Timestamp, Tipo) VALUES (31, 25, '2100-12-19 02:29:18', 'verifica');
INSERT INTO INTERAZIONI_TECNICHE (MembroID, SensoreID, Timestamp, Tipo) VALUES (38, 30, '2104-05-30 19:29:36', 'riparazione');
INSERT INTO INTERAZIONI_TECNICHE (MembroID, SensoreID, Timestamp, Tipo) VALUES (17, 20, '2102-07-20 01:43:50', 'verifica');
INSERT INTO INTERAZIONI_TECNICHE (MembroID, SensoreID, Timestamp, Tipo) VALUES (38, 11, '2105-12-04 20:55:40', 'riparazione');
INSERT INTO INTERAZIONI_TECNICHE (MembroID, SensoreID, Timestamp, Tipo) VALUES (3, 1, '2105-03-03 12:03:41', 'verifica');
INSERT INTO INTERAZIONI_TECNICHE (MembroID, SensoreID, Timestamp, Tipo) VALUES (4, 8, '2105-09-02 00:39:28', 'riparazione');
INSERT INTO INTERAZIONI_TECNICHE (MembroID, SensoreID, Timestamp, Tipo) VALUES (38, 14, '2102-01-20 17:06:39', 'riparazione');
INSERT INTO INTERAZIONI_TECNICHE (MembroID, SensoreID, Timestamp, Tipo) VALUES (35, 19, '2103-08-09 22:08:48', 'manutenzione');
INSERT INTO INTERAZIONI_TECNICHE (MembroID, SensoreID, Timestamp, Tipo) VALUES (39, 30, '2105-01-18 15:27:30', 'manutenzione');
INSERT INTO INTERAZIONI_TECNICHE (MembroID, SensoreID, Timestamp, Tipo) VALUES (37, 24, '2105-08-17 16:01:45', 'verifica');
INSERT INTO INTERAZIONI_TECNICHE (MembroID, SensoreID, Timestamp, Tipo) VALUES (40, 16, '2100-05-12 07:21:33', 'manutenzione');
INSERT INTO INTERAZIONI_TECNICHE (MembroID, SensoreID, Timestamp, Tipo) VALUES (29, 19, '2102-05-17 16:22:27', 'manutenzione');
INSERT INTO INTERAZIONI_TECNICHE (MembroID, SensoreID, Timestamp, Tipo) VALUES (23, 29, '2101-11-23 21:22:50', 'riparazione');
INSERT INTO INTERAZIONI_TECNICHE (MembroID, SensoreID, Timestamp, Tipo) VALUES (2, 21, '2101-10-07 17:23:15', 'riparazione');
INSERT INTO INTERAZIONI_TECNICHE (MembroID, SensoreID, Timestamp, Tipo) VALUES (30, 24, '2103-04-24 10:40:16', 'verifica');
INSERT INTO INTERAZIONI_TECNICHE (MembroID, SensoreID, Timestamp, Tipo) VALUES (12, 20, '2101-05-18 14:33:18', 'manutenzione');
INSERT INTO INTERAZIONI_TECNICHE (MembroID, SensoreID, Timestamp, Tipo) VALUES (19, 18, '2100-11-29 07:21:50', 'manutenzione');
INSERT INTO INTERAZIONI_TECNICHE (MembroID, SensoreID, Timestamp, Tipo) VALUES (19, 28, '2103-12-25 01:48:16', 'manutenzione');
INSERT INTO INTERAZIONI_TECNICHE (MembroID, SensoreID, Timestamp, Tipo) VALUES (16, 28, '2104-08-01 10:22:23', 'verifica');
INSERT INTO INTERAZIONI_TECNICHE (MembroID, SensoreID, Timestamp, Tipo) VALUES (8, 29, '2102-08-29 06:12:56', 'verifica');
INSERT INTO INTERAZIONI_TECNICHE (MembroID, SensoreID, Timestamp, Tipo) VALUES (6, 8, '2102-04-13 08:54:03', 'riparazione');
INSERT INTO INTERAZIONI_TECNICHE (MembroID, SensoreID, Timestamp, Tipo) VALUES (1, 24, '2105-07-17 05:17:30', 'manutenzione');
INSERT INTO INTERAZIONI_TECNICHE (MembroID, SensoreID, Timestamp, Tipo) VALUES (35, 7, '2105-02-17 07:07:13', 'riparazione');
INSERT INTO INTERAZIONI_TECNICHE (MembroID, SensoreID, Timestamp, Tipo) VALUES (26, 13, '2101-05-17 19:06:43', 'verifica');
INSERT INTO INTERAZIONI_TECNICHE (MembroID, SensoreID, Timestamp, Tipo) VALUES (36, 2, '2100-05-19 22:39:38', 'riparazione');
INSERT INTO INTERAZIONI_TECNICHE (MembroID, SensoreID, Timestamp, Tipo) VALUES (12, 6, '2103-10-23 21:57:29', 'manutenzione');
INSERT INTO INTERAZIONI_TECNICHE (MembroID, SensoreID, Timestamp, Tipo) VALUES (25, 29, '2105-02-11 15:12:57', 'verifica');
INSERT INTO INTERAZIONI_TECNICHE (MembroID, SensoreID, Timestamp, Tipo) VALUES (36, 18, '2102-11-10 06:23:19', 'verifica');
INSERT INTO INTERAZIONI_TECNICHE (MembroID, SensoreID, Timestamp, Tipo) VALUES (18, 22, '2101-09-12 07:14:39', 'riparazione');
INSERT INTO INTERAZIONI_TECNICHE (MembroID, SensoreID, Timestamp, Tipo) VALUES (23, 18, '2105-03-13 15:59:20', 'manutenzione');
INSERT INTO INTERAZIONI_TECNICHE (MembroID, SensoreID, Timestamp, Tipo) VALUES (40, 12, '2101-06-17 11:46:40', 'manutenzione');
INSERT INTO INTERAZIONI_TECNICHE (MembroID, SensoreID, Timestamp, Tipo) VALUES (3, 2, '2105-03-06 06:54:30', 'riparazione');
INSERT INTO INTERAZIONI_TECNICHE (MembroID, SensoreID, Timestamp, Tipo) VALUES (11, 25, '2105-07-24 09:51:08', 'riparazione');
INSERT INTO INTERAZIONI_TECNICHE (MembroID, SensoreID, Timestamp, Tipo) VALUES (6, 11, '2101-03-07 20:11:40', 'riparazione');
INSERT INTO INTERAZIONI_TECNICHE (MembroID, SensoreID, Timestamp, Tipo) VALUES (13, 19, '2101-05-21 06:06:30', 'riparazione');
INSERT INTO INTERAZIONI_TECNICHE (MembroID, SensoreID, Timestamp, Tipo) VALUES (2, 4, '2103-08-01 09:07:23', 'manutenzione');
INSERT INTO INTERAZIONI_TECNICHE (MembroID, SensoreID, Timestamp, Tipo) VALUES (24, 23, '2101-10-28 00:18:21', 'verifica');
INSERT INTO INTERAZIONI_TECNICHE (MembroID, SensoreID, Timestamp, Tipo) VALUES (30, 28, '2103-08-18 19:40:59', 'riparazione');
INSERT INTO INTERAZIONI_TECNICHE (MembroID, SensoreID, Timestamp, Tipo) VALUES (28, 26, '2103-02-21 06:23:10', 'verifica');
INSERT INTO INTERAZIONI_TECNICHE (MembroID, SensoreID, Timestamp, Tipo) VALUES (39, 20, '2105-02-25 21:33:52', 'verifica');
INSERT INTO INTERAZIONI_TECNICHE (MembroID, SensoreID, Timestamp, Tipo) VALUES (3, 23, '2101-11-05 19:37:43', 'manutenzione');
INSERT INTO INTERAZIONI_TECNICHE (MembroID, SensoreID, Timestamp, Tipo) VALUES (27, 4, '2101-11-09 08:08:51', 'manutenzione');
INSERT INTO INTERAZIONI_TECNICHE (MembroID, SensoreID, Timestamp, Tipo) VALUES (26, 20, '2103-01-10 21:44:02', 'verifica');
INSERT INTO INTERAZIONI_TECNICHE (MembroID, SensoreID, Timestamp, Tipo) VALUES (12, 17, '2101-10-06 01:57:51', 'manutenzione');
INSERT INTO INTERAZIONI_TECNICHE (MembroID, SensoreID, Timestamp, Tipo) VALUES (1, 26, '2103-12-04 17:59:12', 'riparazione');
INSERT INTO INTERAZIONI_TECNICHE (MembroID, SensoreID, Timestamp, Tipo) VALUES (28, 15, '2100-01-28 05:49:11', 'verifica');
INSERT INTO INTERAZIONI_TECNICHE (MembroID, SensoreID, Timestamp, Tipo) VALUES (13, 7, '2101-07-06 04:50:59', 'manutenzione');
INSERT INTO INTERAZIONI_TECNICHE (MembroID, SensoreID, Timestamp, Tipo) VALUES (34, 26, '2100-11-07 16:46:23', 'manutenzione');
INSERT INTO INTERAZIONI_TECNICHE (MembroID, SensoreID, Timestamp, Tipo) VALUES (10, 13, '2102-08-16 22:08:49', 'verifica');
INSERT INTO INTERAZIONI_TECNICHE (MembroID, SensoreID, Timestamp, Tipo) VALUES (30, 14, '2101-02-15 10:15:08', 'manutenzione');
INSERT INTO INTERAZIONI_TECNICHE (MembroID, SensoreID, Timestamp, Tipo) VALUES (32, 23, '2104-11-10 00:02:57', 'verifica');
INSERT INTO INTERAZIONI_TECNICHE (MembroID, SensoreID, Timestamp, Tipo) VALUES (36, 10, '2100-11-23 11:37:13', 'riparazione');
INSERT INTO RISOLUZIONI (InterventoID, AnomaliaID, Esito, DataEsecuzione) VALUES (1, 1, 'risolta', '2105-07-29');
INSERT INTO RISOLUZIONI (InterventoID, AnomaliaID, Esito, DataEsecuzione) VALUES (2, 2, 'risolta', '2105-11-21');
INSERT INTO RISOLUZIONI (InterventoID, AnomaliaID, Esito, DataEsecuzione) VALUES (3, 3, 'non_risolta', '2101-05-16');
INSERT INTO RISOLUZIONI (InterventoID, AnomaliaID, Esito, DataEsecuzione) VALUES (4, 4, 'non_risolta', '2100-02-04');
INSERT INTO RISOLUZIONI (InterventoID, AnomaliaID, Esito, DataEsecuzione) VALUES (5, 5, 'risolta', '2100-12-12');
INSERT INTO RISOLUZIONI (InterventoID, AnomaliaID, Esito, DataEsecuzione) VALUES (6, 6, 'risolta', '2103-04-25');
INSERT INTO RISOLUZIONI (InterventoID, AnomaliaID, Esito, DataEsecuzione) VALUES (7, 7, 'non_risolta', '2103-01-11');
INSERT INTO RISOLUZIONI (InterventoID, AnomaliaID, Esito, DataEsecuzione) VALUES (8, 8, 'non_risolta', '2101-02-27');
INSERT INTO RISOLUZIONI (InterventoID, AnomaliaID, Esito, DataEsecuzione) VALUES (9, 9, 'non_risolta', '2105-08-03');
INSERT INTO RISOLUZIONI (InterventoID, AnomaliaID, Esito, DataEsecuzione) VALUES (10, 10, 'non_risolta', '2100-12-10');
INSERT INTO RISOLUZIONI (InterventoID, AnomaliaID, Esito, DataEsecuzione) VALUES (11, 11, 'risolta', '2102-02-04');
INSERT INTO RISOLUZIONI (InterventoID, AnomaliaID, Esito, DataEsecuzione) VALUES (12, 12, 'risolta', '2103-02-09');
INSERT INTO RISOLUZIONI (InterventoID, AnomaliaID, Esito, DataEsecuzione) VALUES (13, 13, 'risolta', '2101-03-20');
INSERT INTO RISOLUZIONI (InterventoID, AnomaliaID, Esito, DataEsecuzione) VALUES (14, 14, 'non_risolta', '2102-03-31');
INSERT INTO RISOLUZIONI (InterventoID, AnomaliaID, Esito, DataEsecuzione) VALUES (15, 15, 'risolta', '2102-06-30');
INSERT INTO RISOLUZIONI (InterventoID, AnomaliaID, Esito, DataEsecuzione) VALUES (16, 16, 'risolta', '2102-07-25');
INSERT INTO RISOLUZIONI (InterventoID, AnomaliaID, Esito, DataEsecuzione) VALUES (17, 17, 'non_risolta', '2102-03-02');
INSERT INTO RISOLUZIONI (InterventoID, AnomaliaID, Esito, DataEsecuzione) VALUES (18, 18, 'non_risolta', '2100-03-21');
INSERT INTO RISOLUZIONI (InterventoID, AnomaliaID, Esito, DataEsecuzione) VALUES (19, 19, 'risolta', '2103-11-05');
INSERT INTO RISOLUZIONI (InterventoID, AnomaliaID, Esito, DataEsecuzione) VALUES (20, 20, 'non_risolta', '2103-03-14');
INSERT INTO RISOLUZIONI (InterventoID, AnomaliaID, Esito, DataEsecuzione) VALUES (21, 21, 'risolta', '2100-08-26');
INSERT INTO RISOLUZIONI (InterventoID, AnomaliaID, Esito, DataEsecuzione) VALUES (22, 22, 'risolta', '2104-01-22');
INSERT INTO RISOLUZIONI (InterventoID, AnomaliaID, Esito, DataEsecuzione) VALUES (23, 23, 'risolta', '2101-07-07');
INSERT INTO RISOLUZIONI (InterventoID, AnomaliaID, Esito, DataEsecuzione) VALUES (24, 24, 'risolta', '2104-11-19');
INSERT INTO RISOLUZIONI (InterventoID, AnomaliaID, Esito, DataEsecuzione) VALUES (25, 25, 'risolta', '2101-03-04');
INSERT INTO RISOLUZIONI (InterventoID, AnomaliaID, Esito, DataEsecuzione) VALUES (26, 26, 'non_risolta', '2103-02-22');
INSERT INTO RISOLUZIONI (InterventoID, AnomaliaID, Esito, DataEsecuzione) VALUES (27, 27, 'non_risolta', '2105-01-15');
INSERT INTO RISOLUZIONI (InterventoID, AnomaliaID, Esito, DataEsecuzione) VALUES (28, 28, 'non_risolta', '2100-11-17');
INSERT INTO RISOLUZIONI (InterventoID, AnomaliaID, Esito, DataEsecuzione) VALUES (29, 29, 'non_risolta', '2103-03-31');
INSERT INTO RISOLUZIONI (InterventoID, AnomaliaID, Esito, DataEsecuzione) VALUES (30, 30, 'risolta', '2105-03-23');
INSERT INTO RISOLUZIONI (InterventoID, AnomaliaID, Esito, DataEsecuzione) VALUES (31, 31, 'risolta', '2104-05-25');
INSERT INTO RISOLUZIONI (InterventoID, AnomaliaID, Esito, DataEsecuzione) VALUES (32, 32, 'non_risolta', '2101-09-30');
INSERT INTO RISOLUZIONI (InterventoID, AnomaliaID, Esito, DataEsecuzione) VALUES (33, 33, 'non_risolta', '2103-07-27');
INSERT INTO RISOLUZIONI (InterventoID, AnomaliaID, Esito, DataEsecuzione) VALUES (34, 34, 'non_risolta', '2100-01-21');
INSERT INTO RISOLUZIONI (InterventoID, AnomaliaID, Esito, DataEsecuzione) VALUES (35, 35, 'non_risolta', '2103-07-18');
INSERT INTO RISOLUZIONI (InterventoID, AnomaliaID, Esito, DataEsecuzione) VALUES (36, 36, 'risolta', '2103-09-28');
INSERT INTO RISOLUZIONI (InterventoID, AnomaliaID, Esito, DataEsecuzione) VALUES (37, 37, 'risolta', '2101-10-10');
INSERT INTO RISOLUZIONI (InterventoID, AnomaliaID, Esito, DataEsecuzione) VALUES (38, 38, 'risolta', '2100-04-24');
INSERT INTO RISOLUZIONI (InterventoID, AnomaliaID, Esito, DataEsecuzione) VALUES (39, 39, 'risolta', '2102-10-22');
INSERT INTO RISOLUZIONI (InterventoID, AnomaliaID, Esito, DataEsecuzione) VALUES (40, 40, 'non_risolta', '2101-06-06');
INSERT INTO RISOLUZIONI (InterventoID, AnomaliaID, Esito, DataEsecuzione) VALUES (41, 41, 'risolta', '2100-08-09');
INSERT INTO RISOLUZIONI (InterventoID, AnomaliaID, Esito, DataEsecuzione) VALUES (42, 42, 'non_risolta', '2103-10-20');
INSERT INTO RISOLUZIONI (InterventoID, AnomaliaID, Esito, DataEsecuzione) VALUES (43, 43, 'non_risolta', '2103-11-07');
INSERT INTO RISOLUZIONI (InterventoID, AnomaliaID, Esito, DataEsecuzione) VALUES (44, 44, 'risolta', '2101-08-29');
INSERT INTO RISOLUZIONI (InterventoID, AnomaliaID, Esito, DataEsecuzione) VALUES (45, 45, 'risolta', '2101-10-19');
INSERT INTO RISOLUZIONI (InterventoID, AnomaliaID, Esito, DataEsecuzione) VALUES (46, 46, 'risolta', '2101-09-13');
INSERT INTO RISOLUZIONI (InterventoID, AnomaliaID, Esito, DataEsecuzione) VALUES (47, 47, 'risolta', '2101-12-27');
INSERT INTO RISOLUZIONI (InterventoID, AnomaliaID, Esito, DataEsecuzione) VALUES (48, 48, 'non_risolta', '2103-04-10');
INSERT INTO RISOLUZIONI (InterventoID, AnomaliaID, Esito, DataEsecuzione) VALUES (49, 49, 'non_risolta', '2100-04-12');
INSERT INTO RISOLUZIONI (InterventoID, AnomaliaID, Esito, DataEsecuzione) VALUES (50, 50, 'non_risolta', '2105-12-12');
INSERT INTO REDAZIONE (MembroID, MissioneID, ReportID, Data) VALUES (27, 13, 1, '2102-02-09 23:13:08');
INSERT INTO REDAZIONE (MembroID, MissioneID, ReportID, Data) VALUES (36, 20, 2, '2105-09-23 07:25:23');
INSERT INTO REDAZIONE (MembroID, MissioneID, ReportID, Data) VALUES (38, 8, 3, '2105-08-20 13:20:13');
INSERT INTO REDAZIONE (MembroID, MissioneID, ReportID, Data) VALUES (20, 14, 4, '2103-08-22 23:29:03');
INSERT INTO REDAZIONE (MembroID, MissioneID, ReportID, Data) VALUES (19, 16, 5, '2104-05-08 23:09:29');
INSERT INTO REDAZIONE (MembroID, MissioneID, ReportID, Data) VALUES (29, 20, 6, '2104-01-14 08:20:16');
INSERT INTO REDAZIONE (MembroID, MissioneID, ReportID, Data) VALUES (31, 10, 7, '2101-09-30 19:05:49');
INSERT INTO REDAZIONE (MembroID, MissioneID, ReportID, Data) VALUES (39, 2, 8, '2102-08-16 05:15:35');
INSERT INTO REDAZIONE (MembroID, MissioneID, ReportID, Data) VALUES (5, 11, 9, '2101-07-01 15:54:24');
INSERT INTO REDAZIONE (MembroID, MissioneID, ReportID, Data) VALUES (36, 4, 10, '2102-10-19 22:47:27');
INSERT INTO REDAZIONE (MembroID, MissioneID, ReportID, Data) VALUES (27, 6, 11, '2104-09-19 19:40:24');
INSERT INTO REDAZIONE (MembroID, MissioneID, ReportID, Data) VALUES (36, 8, 12, '2103-10-22 10:48:19');
INSERT INTO REDAZIONE (MembroID, MissioneID, ReportID, Data) VALUES (7, 9, 13, '2100-05-24 14:22:43');
INSERT INTO REDAZIONE (MembroID, MissioneID, ReportID, Data) VALUES (38, 16, 14, '2103-08-30 05:43:53');
INSERT INTO REDAZIONE (MembroID, MissioneID, ReportID, Data) VALUES (33, 10, 15, '2102-04-10 10:14:08');
INSERT INTO REDAZIONE (MembroID, MissioneID, ReportID, Data) VALUES (36, 12, 16, '2101-10-24 09:41:48');
INSERT INTO REDAZIONE (MembroID, MissioneID, ReportID, Data) VALUES (18, 9, 17, '2105-08-12 20:44:40');
INSERT INTO REDAZIONE (MembroID, MissioneID, ReportID, Data) VALUES (17, 15, 18, '2102-02-26 06:30:37');
INSERT INTO REDAZIONE (MembroID, MissioneID, ReportID, Data) VALUES (21, 5, 19, '2101-11-02 01:24:05');
INSERT INTO REDAZIONE (MembroID, MissioneID, ReportID, Data) VALUES (30, 17, 20, '2105-11-24 20:11:09');